molid,bglf4_c_s_2,bglf4_c_l_2,bglf4_c_w_2,bglf4_p_s_2,bglf4_p_l_2,bglf4_p_w_2,pknb_c_s_2,pknb_c_l_2,pknb_c_w_2,pknb_p_s_2,pknb_p_l_2,pknb_p_w_2
CID044328970,nan,nan,-0.03744872258020599,nan,nan,-0.08590639736169302,nan,nan,-0.007065853658535999,0.817204301075,111,-0.10261457100214802
CID001489204,nan,nan,-0.04923252524447301,nan,nan,-0.094240133553197,nan,nan,-0.006246152313292001,0.929292929293,396,-0.04381242959191398
CID044578566,nan,nan,-0.04639763670072,nan,nan,-0.08831397860595601,nan,nan,-0.006867947445230001,0.8901098901100001,339,-0.06224804977484896
CID044532445,nan,nan,-0.047910937311354,nan,nan,-0.08409987382912602,nan,nan,-0.007698289022377999,0.84,172,-0.09453251698274802
CID044528946,nan,nan,-0.048117975774234004,nan,nan,-0.10005853628230701,nan,nan,-0.006566048534785998,0.701030927835,11,-0.163070423853318
CID044305647,nan,nan,-0.028055198092472994,nan,nan,-0.06346827748105299,nan,nan,-0.006120745521601,0.9080459770110001,378,-0.05605255975859095
CID057398391,nan,nan,-0.06610764596991302,nan,nan,-0.06537129956397003,nan,nan,-0.017130180531338,0.846153846154,190,-0.097822741892996
CID057398392,nan,nan,-0.06465732369961201,nan,nan,-0.06770003357702603,nan,nan,-0.016768459610568,0.846153846154,188,-0.09901536994839098
CID000005228,nan,nan,-0.05011702515785902,nan,nan,-0.06886690963231304,nan,nan,-0.008815239078099,0.883720930233,325,-0.06991106643425199
CID044532446,nan,nan,-0.048426872719599987,nan,nan,-0.08029393102374398,nan,nan,-0.008503886555453,0.8383838383840001,161,-0.10099901764893694
CID010239038,nan,nan,-0.041265318459922,informer,informer,informer,nan,nan,-0.00690175461512,informer,informer,informer
CID018536646,nan,nan,-0.04453481889236201,nan,nan,-0.093388349905208,nan,nan,-0.007314952978345,0.8190476190479999,114,-0.10160700123699301
CID053469449,nan,nan,-0.050823609247689014,nan,nan,-0.084909466707536,nan,nan,-0.020771566896699997,0.846153846154,186,-0.08619068037780298
CID053469448,nan,nan,-0.04582566676721199,nan,nan,-0.08579784672404603,nan,nan,-0.020002471114670996,0.8058252427179999,104,-0.10295287198918403
CID006539506,nan,nan,-0.05402193927646899,nan,nan,-0.06412704365417897,nan,nan,-0.0070244196379559976,0.862068965517,241,-0.07842007512730802
CID006539507,nan,nan,-0.050920128353584004,nan,nan,-0.081356163942646,nan,nan,-0.0063574824774330005,0.865168539326,254,-0.08022442047422199
CID006539501,nan,nan,-0.05939817288023902,nan,nan,-0.08938565103552698,nan,nan,-0.007410201846341001,0.8602150537630001,230,-0.08236533243448996
CID046927597,nan,nan,-0.04866562894075101,informer,informer,informer,nan,nan,-0.008350974582891,informer,informer,informer
CID006539509,nan,nan,-0.04912794438723401,nan,nan,-0.05521131841738301,nan,nan,-0.005820271682354002,0.8953488372089999,347,-0.06367220067222704
CID022185475,nan,nan,-0.06005907603064,nan,nan,-0.09352372539878397,nan,nan,-0.008937687088089001,0.878787878788,309,-0.06621709532288099
CID057403576,nan,nan,-0.065515435504189,nan,nan,-0.063546856114598,nan,nan,-0.017367791564526003,0.846153846154,189,-0.099720115226136
CID021027446,nan,nan,-0.05031568854073799,nan,nan,-0.06774146786334,nan,nan,-0.008369987275115,0.844444444444,182,-0.08559043715141998
CID053467617,nan,nan,-0.05665006053652102,nan,nan,-0.098948158048318,nan,nan,-0.014652698198703002,0.843137254902,179,-0.08974837094667298
CID056670156,nan,nan,-0.045885012995922014,informer,informer,informer,nan,nan,-0.007214317006909,informer,informer,informer
CID009935852,nan,nan,-0.039210688201261994,nan,nan,-0.087107145274211,nan,nan,-0.005628260869562998,0.855769230769,217,-0.08226014922047699
CID006539455,nan,nan,-0.05892908984160301,nan,nan,-0.05514156476086801,nan,nan,-0.005996422982334001,0.915662650602,388,-0.052366027501255984
CID006539452,nan,nan,-0.048926179086604,nan,nan,-0.05905372251335002,nan,nan,-0.006032776534519997,0.90243902439,363,-0.06072446903128299
CID044529278,nan,nan,-0.051742172259842026,nan,nan,-0.10552824925694101,nan,nan,-0.007425562766352001,0.732673267327,25,-0.151719874959103
CID006539458,nan,nan,-0.056082707616117,nan,nan,-0.06054176190303198,nan,nan,-0.0072267639077460005,0.8823529411759999,319,-0.06845805432624104
CID044592502,nan,nan,-0.08322797977704499,informer,informer,informer,nan,nan,-0.00710064146594,informer,informer,informer
CID044529101,nan,nan,-0.052924249579233015,nan,nan,-0.11226739161160997,nan,nan,-0.006829424391454002,0.745098039216,47,-0.146739560506924
CID053469634,nan,nan,-0.055355309031656995,nan,nan,-0.09248714915666198,nan,nan,-0.014213312475888997,0.859813084112,229,-0.07933480392394501
CID011231979,nan,nan,-0.057445494283141996,nan,nan,-0.12083685517109598,nan,nan,-0.006554429855112998,0.837209302326,160,-0.095446981461209
CID011057468,nan,nan,-0.052684041609592,nan,nan,-0.07204000833510599,nan,nan,-0.008706543851715,0.8850574712639999,327,-0.06534209751518204
CID044532297,nan,nan,-0.046048635661255,nan,nan,-0.089353487084553,nan,nan,-0.005817457789104001,0.8023255813950001,100,-0.11137327878428696
CID044532433,nan,nan,-0.04650434950935199,nan,nan,-0.08325936220646898,nan,nan,-0.005440449970671001,0.833333333333,146,-0.096886986083293
CID010161259,nan,nan,-0.040307622897514,nan,nan,-0.08815424135543101,nan,nan,-0.006049486803508999,0.883495145631,324,-0.07220605430035303
CID025190912,nan,nan,-0.08503300689535201,nan,nan,-0.09934249483888097,nan,nan,-0.006476124990979999,0.915094339623,387,-0.054370056851671
CID006539591,nan,nan,-0.047952437272961,nan,nan,-0.10520551411372901,nan,nan,-0.007364137754936001,0.849462365591,204,-0.083025697226004
CID025190914,nan,nan,-0.071100159352421,nan,nan,-0.08705544223410001,nan,nan,-0.006402711650054002,0.905660377358,371,-0.059069259756943
CID057391365,nan,nan,-0.06361856213967501,nan,nan,-0.070284756677684,nan,nan,-0.016505319504844997,0.782608695652,84,-0.124307209779044
CID009879605,nan,nan,-0.04637026416563199,nan,nan,-0.058166472587535,nan,nan,-0.007506216577534,0.8953488372089999,346,-0.061945144896928026
CID044532531,nan,nan,-0.04883046807821702,nan,nan,-0.10692350575589302,nan,nan,-0.007923068280143003,0.7659574468089999,73,-0.13354828966530405
CID002787267,nan,nan,-0.045051419861285996,nan,nan,-0.069335628055859,nan,nan,-0.007143715544612998,0.820512820513,117,-0.094223971516233
CID044578630,nan,nan,-0.05389130461644301,nan,nan,-0.11745004433460399,nan,nan,-0.008633386569725001,0.757894736842,65,-0.13382175519529196
CID044336137,nan,nan,-0.044211183394044,nan,nan,-0.073602098364214,nan,nan,-0.009399999999987998,0.84693877551,192,-0.09658035271923102
CID000447966,nan,nan,-0.04929258614810599,nan,nan,-0.10152299203387403,nan,nan,-0.006462244320486997,0.8780487804880001,304,-0.07082603865930598
CID006539523,nan,nan,-0.046993667451063995,nan,nan,-0.06601585694996098,nan,nan,-0.006181969919792,0.855263157895,213,-0.08281370620083002
CID006539524,nan,nan,-0.05379901478099098,nan,nan,-0.07319726622360101,nan,nan,-0.007533176330698997,0.8352941176469999,151,-0.09257959773400004
CID006539525,nan,nan,-0.056729232769443014,nan,nan,-0.06741809328371198,nan,nan,-0.007438422566321002,0.869047619048,265,-0.07558961498016101
CID044532102,nan,nan,-0.050217296109153015,nan,nan,-0.10472667735900301,nan,nan,-0.005962527855307002,0.825581395349,127,-0.103919435924001
CID006539528,nan,nan,-0.050970236865632,nan,nan,-0.08652206301842497,nan,nan,-0.006958427165088999,0.871794871795,272,-0.07152771887963899
CID006539529,nan,nan,-0.04984966786532201,nan,nan,-0.07673999638086301,nan,nan,-0.0073255596158539995,0.886075949367,331,-0.06513711641739803
CID006539498,nan,nan,-0.06001496013839902,nan,nan,-0.06798698060081601,nan,nan,-0.007232391304359003,0.872093023256,273,-0.07228216153529199
CID044279444,nan,nan,-0.04358088523515998,nan,nan,-0.08530035479534698,nan,nan,-0.006371464233842997,0.811111111111,107,-0.10552885784985801
CID011529890,nan,nan,-0.050435819012739,nan,nan,-0.081701346564447,nan,nan,-0.007833952254640997,0.873563218391,280,-0.07247373416937097
CID005329841,nan,nan,-0.041555753461596005,informer,informer,informer,nan,nan,-0.006647816609499999,informer,informer,informer
CID044532683,nan,nan,-0.051543045654845,nan,nan,-0.115646154177873,nan,nan,-0.008159865693618998,0.767676767677,76,-0.145888031163612
CID006539578,nan,nan,-0.048790277249147015,nan,nan,-0.10182661791324599,nan,nan,-0.007177201857205001,0.855555555556,216,-0.07954113248957598
CID066561010,nan,nan,-0.04925941689750799,nan,nan,-0.08931485987645302,nan,nan,-0.015230179389314,0.854368932039,212,-0.085484434067651
CID010286382,nan,nan,-0.039034261433641006,nan,nan,-0.09970538002864598,nan,nan,-0.005815586773141998,0.6867469879520001,9,-0.166525308549914
CID044532997,nan,nan,-0.058567231781389006,nan,nan,-0.11468654496293004,nan,nan,-0.009100586419762,0.8823529411759999,320,-0.07043665314037703
CID006539504,nan,nan,-0.043570794171153004,nan,nan,-0.06017248924288799,nan,nan,-0.0061793088513339995,0.872093023256,274,-0.076879330215216
CID044532737,nan,nan,-0.03708261280730701,nan,nan,-0.074943177410778,nan,nan,-0.005365006922494999,0.80412371134,101,-0.102180387714292
CID044527361,nan,nan,-0.055537490721894,nan,nan,-0.08688002241514298,nan,nan,-0.006424979321753,0.860465116279,233,-0.08078397160411799
CID009880709,nan,nan,-0.062390017592185,nan,nan,-0.08172590682799696,nan,nan,-0.007772448565929999,0.862068965517,240,-0.07721123944981703
CID000838889,nan,nan,-0.03576911527465401,nan,nan,-0.08796175239363598,nan,nan,-0.006399376790674,0.9069767441859999,374,-0.05917174006329101
CID044529112,nan,nan,-0.048320605007353995,nan,nan,-0.10904561615157998,nan,nan,-0.006942644709383998,0.722222222222,18,-0.15651745273583395
CID045272982,nan,nan,-0.045222552233195004,nan,nan,-0.073827625017798,nan,nan,-0.006055799941946001,0.83908045977,166,-0.091154912783607
CID045272980,nan,nan,-0.055088090705908,nan,nan,-0.09463126861153802,nan,nan,-0.007587006073647998,0.844444444444,181,-0.08576995214442898
CID009914412,nan,nan,-0.051098653215230994,nan,nan,-0.093090038563959,nan,nan,-0.007833980980473996,0.839622641509,169,-0.10140223369434
CID044527001,nan,nan,-0.045102877350682996,nan,nan,-0.100299885730317,nan,nan,-0.005211628781328997,0.771428571429,79,-0.128318786792048
CID002409198,nan,nan,-0.044922546682117995,nan,nan,-0.07622444553988798,nan,nan,-0.006421347031958997,0.8505747126440001,207,-0.08397018194766595
CID010757558,nan,nan,-0.063617061010545,nan,nan,-0.07334329589596099,nan,nan,-0.008466828515338,0.9080459770110001,379,-0.05170446643612196
CID044525947,nan,nan,-0.04957470910464799,nan,nan,-0.13197828036915704,nan,nan,-0.007241829770843998,0.767676767677,77,-0.136853749775719
CID011633551,nan,nan,-0.057246535693858,nan,nan,-0.09650713899610301,nan,nan,-0.009764294567228002,0.8484848484849999,198,-0.09191497861377804
CID051356853,nan,nan,-0.04490467657340901,nan,nan,-0.08454352218581702,nan,nan,-0.006642725901541001,0.8953488372089999,348,-0.06136680365033804
CID051356852,nan,nan,-0.045007342657327004,nan,nan,-0.08018591081691101,nan,nan,-0.006894474153289001,0.9080459770110001,376,-0.05776693958151696
CID044525929,nan,nan,-0.04402503598625401,nan,nan,-0.10691041373315699,nan,nan,-0.007901385431427,0.720430107527,16,-0.16221171027564102
CID051356856,nan,nan,-0.047001248193602005,nan,nan,-0.074726277808427,nan,nan,-0.009008846166273997,0.873563218391,281,-0.07653884503508197
CID051356855,nan,nan,-0.04459369064577301,nan,nan,-0.07423638858996298,nan,nan,-0.006642725901541001,0.9080459770110001,377,-0.05562084240200395
CID051356854,nan,nan,-0.04428956753978199,nan,nan,-0.08896899673714001,nan,nan,-0.006388010540191998,0.898876404494,355,-0.061925074254008006
CID044525925,nan,nan,-0.05072019658708801,nan,nan,-0.137262192347307,nan,nan,-0.008190234847726,0.734693877551,29,-0.157206439384774
CID044525924,nan,nan,-0.046050832947236,nan,nan,-0.10885727851748299,nan,nan,-0.007636380159745,0.741935483871,39,-0.155572484552778
CID009814925,nan,nan,-0.047304074827789006,nan,nan,-0.06459990452841799,nan,nan,-0.007458856579167999,0.886363636364,333,-0.06917143227614801
CID044525926,nan,nan,-0.036549563670526,nan,nan,-0.116266459938424,nan,nan,-0.0067030848014970005,0.744680851064,44,-0.15515579066813204
CID044525921,nan,nan,-0.045854945116991994,nan,nan,-0.10717934367855897,nan,nan,-0.008471258496584998,0.736842105263,31,-0.15379854699761902
CID044525920,nan,nan,-0.045378490300883007,nan,nan,-0.13196686274506597,nan,nan,-0.007414659911187,0.75,55,-0.150688673973722
CID044525923,nan,nan,-0.050340740481758,nan,nan,-0.12470346195159898,nan,nan,-0.007850360640899001,0.736842105263,32,-0.15696542931380902
CID044525922,nan,nan,-0.049607959467976005,nan,nan,-0.106366147211337,nan,nan,-0.008771974659340001,0.720430107527,14,-0.161911602582534
CID044397230,nan,nan,-0.04232379806456201,nan,nan,-0.07876441463664598,nan,nan,-0.005602602010649,0.8414634146340001,176,-0.09014641818384597
CID022609863,nan,nan,-0.04976033420097501,nan,nan,-0.08871828063878899,nan,nan,-0.007316141084111002,0.822916666667,122,-0.10406709786912
CID000156422,nan,nan,-0.046391526593884014,nan,nan,-0.08328186513726797,nan,nan,-0.008170942982471001,0.8518518518520001,209,-0.09300100964810795
CID044526069,nan,nan,-0.05849936801061699,nan,nan,-0.08644681183469001,nan,nan,-0.008446056307751002,0.873684210526,285,-0.074469975304557
CID006539376,nan,nan,-0.035958142792233,nan,nan,-0.130019270646147,nan,nan,-0.005301883674810997,0.405797101449,0,-0.29443127859584595
CID025263102,nan,nan,-0.07455679262257901,nan,nan,-0.10406126335779001,nan,nan,-0.0060861360861300005,0.89,338,-0.06375716193013599
CID025263100,nan,nan,-0.08429858759354501,nan,nan,-0.09647623748738696,nan,nan,-0.007495552066983,0.9029126213590001,365,-0.059614265991157975
CID023648890,nan,nan,-0.06866142531396802,informer,informer,informer,nan,nan,-0.006847908115982999,informer,informer,informer
CID025263105,nan,nan,-0.085430581826144,nan,nan,-0.09095923530063803,nan,nan,-0.007434033613434999,0.903846153846,366,-0.058347567545025
CID006539427,nan,nan,-0.042808364481614986,nan,nan,-0.107661606106674,nan,nan,-0.006158081264868996,0.5375,2,-0.23419559069772702
CID024804780,nan,nan,-0.08106547491767702,nan,nan,-0.347876048365885,nan,nan,-0.007122344944762,0.844660194175,183,-0.08868428662398499
CID006538884,nan,nan,-0.05109285714278698,nan,nan,-0.07702221466737699,nan,nan,-0.006489010989006996,0.8987341772149999,353,-0.05630673328189403
CID044591552,nan,nan,-0.065522526538726,nan,nan,-0.195813227942354,nan,nan,-0.006831085060255,0.8414634146340001,175,-0.09596434846432296
CID015521230,nan,nan,-0.044512035033002,nan,nan,-0.09541337019711697,nan,nan,-0.008572971090217,0.824742268041,125,-0.10981575245987499
CID006539428,nan,nan,-0.044442923742934994,nan,nan,-0.09822875858254901,nan,nan,-0.006608985199632997,0.623529411765,6,-0.206108835395207
CID005329826,nan,nan,-0.04106758433754502,informer,informer,informer,nan,nan,-0.005437996059683002,informer,informer,informer
CID057403579,nan,nan,-0.053063960724352,nan,nan,-0.06876239349519701,nan,nan,-0.012199191151995002,0.7894736842110001,90,-0.12049648974566399
CID011197671,nan,nan,-0.05221372257483398,nan,nan,-0.11170405148899198,nan,nan,-0.006598057015444996,0.8488372093019999,199,-0.08752885815169904
CID044532712,nan,nan,-0.048567756181888,nan,nan,-0.105015250429088,nan,nan,-0.008264847512034997,0.744680851064,46,-0.15365118802647704
CID046215814,nan,nan,-0.05052561490464299,nan,nan,-0.10227777929316197,nan,nan,-0.007339848044753997,0.8625,244,-0.07931553432837199
CID046215816,nan,nan,-0.04761952479995202,nan,nan,-0.08979837723209501,nan,nan,-0.008200075287031004,0.828571428571,135,-0.09828823064270302
CID011427162,nan,nan,-0.051201895132644996,nan,nan,-0.079113789808681,nan,nan,-0.007528387533887999,0.9148936170209999,386,-0.047280009529552025
CID010186182,nan,nan,-0.039195478972121015,nan,nan,-0.084429009781902,nan,nan,-0.005806788314280999,0.8217821782179999,119,-0.10087034957750604
CID010151417,nan,nan,-0.038909594653465,informer,informer,informer,nan,nan,-0.006512594128823001,informer,informer,informer
CID010595057,nan,nan,-0.04692000499823003,nan,nan,-0.07730723777516597,nan,nan,-0.009180572569316004,0.826086956522,128,-0.10704021026849198
CID010183216,nan,nan,-0.046631823471297004,nan,nan,-0.095172206878042,nan,nan,-0.0067716846260590016,0.8823529411759999,321,-0.07090214057601002
CID053466728,nan,nan,-0.06076271880772998,nan,nan,-0.10655896363712203,nan,nan,-0.015628843402193997,0.8367346938779999,155,-0.09095312982030504
CID010158539,nan,nan,-0.0608070470597,nan,nan,-0.09411933373754698,nan,nan,-0.010606107078703002,0.852631578947,210,-0.09323094398363098
CID025121268,nan,nan,-0.062381358663198994,nan,nan,-0.09259164304495501,nan,nan,-0.010990866873065998,0.868686868687,263,-0.08557552868242002
CID000099545,nan,nan,-0.03941606409382399,nan,nan,-0.07149816174527401,nan,nan,-0.005515174379618,0.9,356,-0.05665476498981798
CID009888013,nan,nan,-0.041811105465274,nan,nan,-0.10308591976493002,nan,nan,-0.006181914893619002,0.7444444444439999,43,-0.14600050102522702
CID044305812,nan,nan,-0.028547456020735006,nan,nan,-0.057741540228335,nan,nan,-0.006285841917185999,0.901234567901,361,-0.060549908441181015
CID006539566,nan,nan,-0.05231791804219,nan,nan,-0.08746782064833601,nan,nan,-0.007493972693966998,0.887640449438,334,-0.065453905621979
CID009945696,nan,nan,-0.04448117556815599,nan,nan,-0.06297041397859499,nan,nan,-0.0077867074358099996,0.840909090909,174,-0.091698758578161
CID010028480,nan,nan,-0.08905250125696602,nan,nan,-0.11543958063581,nan,nan,-0.007215384615402001,0.885714285714,329,-0.06958362823444697
CID009926791,nan,nan,-0.04834105449932501,nan,nan,-0.13071841409510002,nan,nan,-0.007204349556779004,0.8823529411759999,318,-0.07122409345719002
CID044525949,nan,nan,-0.05105840084151999,nan,nan,-0.108933631182468,nan,nan,-0.007778442941824996,0.7575757575759999,63,-0.13997200415853203
CID044525948,nan,nan,-0.047735753859438006,nan,nan,-0.11286508617952803,nan,nan,-0.007633425925933,0.762376237624,69,-0.13844113884382803
CID057400063,nan,nan,-0.045148868344359,nan,nan,-0.073710037184945,nan,nan,-0.010630240630230001,0.766666666667,74,-0.13223163041640298
CID006539492,nan,nan,-0.058289691529707,nan,nan,-0.07077100183914599,nan,nan,-0.00800664689894,0.863636363636,250,-0.07769378544833298
CID044525942,nan,nan,-0.05473995041546301,nan,nan,-0.149565821562348,nan,nan,-0.007307367032313,0.726315789474,21,-0.159789012431757
CID044525941,nan,nan,-0.03672102795640301,nan,nan,-0.12719945972462302,nan,nan,-0.0058210876913829986,0.760416666667,68,-0.14835521038130398
CID044525940,nan,nan,-0.045945741307678,nan,nan,-0.11980560160089,nan,nan,-0.006717441394518998,0.757894736842,66,-0.14863253618027697
CID006539496,nan,nan,-0.06709923529751699,nan,nan,-0.06688498481969199,nan,nan,-0.008088391680773997,0.875,292,-0.070548227261716
CID044525946,nan,nan,-0.05065725344966201,nan,nan,-0.11984988186279098,nan,nan,-0.007947074207265002,0.739583333333,38,-0.15325252063844103
CID044525945,nan,nan,-0.047000952604587004,nan,nan,-0.11648473016371902,nan,nan,-0.007317331101638999,0.739583333333,37,-0.15556790230793102
CID044525944,nan,nan,-0.051812676630154014,nan,nan,-0.121988168146449,nan,nan,-0.008143253757740002,0.725274725275,20,-0.162434999013858
CID053469824,nan,nan,-0.058859869220331,nan,nan,-0.10050165268059698,nan,nan,-0.014545458701389,0.8235294117649999,123,-0.09722893348078401
CID000221158,nan,nan,-0.032193902282127006,nan,nan,-0.073516268819004,nan,nan,-0.004197312635788,0.9078947368420001,375,-0.05283734229189097
CID066561013,nan,nan,-0.04607360525925001,nan,nan,-0.09172866752059598,nan,nan,-0.019229990939277998,0.8383838383840001,164,-0.08865724592976995
CID044525931,nan,nan,-0.043729696380773994,nan,nan,-0.10340261585987598,nan,nan,-0.007800556586258997,0.736263736264,30,-0.158954601398064
CID056683489,nan,nan,-0.05105045758970701,nan,nan,-0.10692456517422999,nan,nan,-0.007983523044544,0.747747747748,51,-0.17020766038078
CID011558948,nan,nan,-0.06029882565836299,nan,nan,-0.11704114713245198,nan,nan,-0.008285450660433999,0.8488372093019999,200,-0.08780599452750404
CID017755233,nan,nan,-0.03832946044636101,nan,nan,-0.09136084082412797,nan,nan,-0.006916542195677002,0.785046728972,86,-0.11719729553286798
CID006539569,nan,nan,-0.06045103380143201,nan,nan,-0.09769303120490999,nan,nan,-0.008551612903235,0.8681318681319999,262,-0.07698254832762802
CID015838857,nan,nan,-0.035025209984703015,nan,nan,-0.09097406906832298,nan,nan,-0.006784655159507005,0.733333333333,26,-0.144362257046326
CID044529831,nan,nan,-0.03960150386186,nan,nan,-0.106701188326709,nan,nan,-0.005713880445804,0.787234042553,88,-0.130351974031724
CID046927672,nan,nan,-0.049233550900092,nan,nan,-0.102104586816927,nan,nan,-0.008713095238096998,0.743119266055,42,-0.201886681459734
CID010287409,nan,nan,-0.04946626012109501,nan,nan,-0.073061477411559,nan,nan,-0.008151522553336,0.8666666666670001,255,-0.07761991311238796
CID045271243,nan,nan,-0.039046930381602014,nan,nan,-0.07411879013636298,nan,nan,-0.005864520202023002,0.786516853933,87,-0.11586812030850702
CID006539610,nan,nan,-0.0507014619942,nan,nan,-0.08834139516209896,nan,nan,-0.007550483091797001,0.8666666666670001,257,-0.07641005875259797
CID045271244,nan,nan,-0.044317806028075,nan,nan,-0.089364644362207,nan,nan,-0.0059607480641910016,0.8369565217389999,157,-0.09281564620506903
CID045271247,nan,nan,-0.03955147922583101,nan,nan,-0.074971231932111,nan,nan,-0.005343983602617999,0.847826086957,195,-0.083986972346933
CID057394915,nan,nan,-0.05019900744580001,nan,nan,-0.09496441560244198,nan,nan,-0.008141498062841,0.84,171,-0.090948735035245
CID025093464,nan,nan,-0.04355476402828599,nan,nan,-0.079004635850517,nan,nan,-0.006343827650028998,0.897959183673,352,-0.063525112864365
CID000000007,nan,nan,-0.027886379681617994,nan,nan,-0.055545423494320983,nan,nan,-0.006266201980347,0.911392405063,382,-0.054500620259465
CID044306199,nan,nan,-0.03450914149454699,nan,nan,-0.05828243033621397,nan,nan,-0.006850138600146997,0.904761904762,369,-0.056933183368799
CID011716589,nan,nan,-0.05842635347629501,nan,nan,-0.09633258336594597,nan,nan,-0.008765865917029003,0.845238095238,184,-0.08758687341818001
CID025263084,nan,nan,-0.07654402431261201,nan,nan,-0.08970326273712499,nan,nan,-0.008314886727341,0.8877551020409999,336,-0.06772986466026704
CID025263085,nan,nan,-0.07857545985518402,nan,nan,-0.093625522718248,nan,nan,-0.008108181818198,0.903846153846,367,-0.06225197578105801
CID044532477,nan,nan,-0.044943134641592,nan,nan,-0.09418792416174498,nan,nan,-0.007173556396430001,0.834951456311,148,-0.09953185021942001
CID051354036,nan,nan,-0.04633030824026599,nan,nan,-0.10279281935442501,nan,nan,-0.007760077813936002,0.833333333333,139,-0.09596060380107801
CID044433573,nan,nan,-0.051157939251774004,nan,nan,-0.089084527808934,nan,nan,-0.007204863219959999,0.873684210526,286,-0.07549269545645
CID044526099,nan,nan,-0.047179195061169,nan,nan,-0.09742794214133799,nan,nan,-0.006696365620273001,0.7125,12,-0.15945941128853297
CID010621826,nan,nan,-0.04745504968921301,nan,nan,-0.06350168124582102,nan,nan,-0.009034693329521,0.833333333333,145,-0.097742687633612
CID044532478,nan,nan,-0.043093036307974994,nan,nan,-0.08446761198974503,nan,nan,-0.007362487229492003,0.833333333333,141,-0.106228508956439
CID044305879,nan,nan,-0.03396677237592301,nan,nan,-0.06619974859404601,nan,nan,-0.006235371659197998,0.8705882352940001,270,-0.07486173905206095
CID011682470,nan,nan,-0.051944579897895006,nan,nan,-0.102209580274681,nan,nan,-0.007708533302946999,0.8695652173909999,267,-0.08231049450385904
CID070691776,nan,nan,-0.06447652504822102,nan,nan,-0.06227077148632598,nan,nan,-0.015569601945662,0.8823529411759999,322,-0.08376241706897702
CID011594774,nan,nan,-0.04979155458347902,nan,nan,-0.08833394882222702,nan,nan,-0.007254468325786001,0.855421686747,215,-0.08352526699837098
CID006918454,nan,nan,-0.041373160171849,nan,nan,-0.074790634366918,nan,nan,-0.006010555946511,0.91,381,-0.05860412818154699
CID044525927,nan,nan,-0.05451532209688301,nan,nan,-0.134374109565709,nan,nan,-0.008103497176516,0.720430107527,17,-0.16088013019627
CID071451677,nan,nan,-0.05251085411708701,nan,nan,-0.09325174170800896,nan,nan,-0.009425979262672999,0.862745098039,245,-0.080148216222013
CID010186009,nan,nan,-0.03442519181567501,nan,nan,-0.09303717642917897,nan,nan,-0.0067179623567910005,0.698924731183,10,-0.163475715734889
CID009901062,nan,nan,-0.04565476620853601,nan,nan,-0.06725912893373198,nan,nan,-0.007984090070145002,0.837209302326,159,-0.09290879490663101
CID006539609,nan,nan,-0.05017127306332499,nan,nan,-0.09152523934330299,nan,nan,-0.007832965521183998,0.8571428571430001,224,-0.07953588654473097
CID006539606,nan,nan,-0.052717688483868014,nan,nan,-0.08311175932946298,nan,nan,-0.009324983622658,0.8666666666670001,256,-0.07550994878222694
CID006539605,nan,nan,-0.053109178980853,nan,nan,-0.087127966579433,nan,nan,-0.008893079893075,0.8602150537630001,232,-0.08430972063857595
CID006539602,nan,nan,-0.052423909345079,nan,nan,-0.089772904790133,nan,nan,-0.008340973024527997,0.8571428571430001,223,-0.08329719335640297
CID044525961,nan,nan,-0.04759004568853201,nan,nan,-0.122294336898915,nan,nan,-0.006674603174622,0.752688172043,59,-0.15265401335186102
CID044525960,nan,nan,-0.045358141990313,nan,nan,-0.105593920961546,nan,nan,-0.007740950079821,0.7303370786519999,24,-0.16326889627803104
CID044525963,nan,nan,-0.04783590180245601,nan,nan,-0.10425564217157303,nan,nan,-0.008382809720331999,0.765306122449,71,-0.138788542910952
CID044525962,nan,nan,-0.046251436772740004,nan,nan,-0.123912043278928,nan,nan,-0.006778638020193,0.75,56,-0.148818066913019
CID044525965,nan,nan,-0.05924943326360099,nan,nan,-0.14071307751373202,nan,nan,-0.006939388083741999,0.782608695652,82,-0.127616035959488
CID044525964,nan,nan,-0.053139632766776995,nan,nan,-0.114665251357352,nan,nan,-0.009068343781279,0.77,78,-0.13509841595887298
CID044525967,nan,nan,-0.05629359005380799,nan,nan,-0.12831950772546802,nan,nan,-0.007360550599208999,0.782608695652,83,-0.12988511356975202
CID044525966,nan,nan,-0.04686703200935501,nan,nan,-0.11114844354667597,nan,nan,-0.006530242180844002,0.78021978022,81,-0.12934621534297797
CID044525969,nan,nan,-0.048986040460165,nan,nan,-0.10818329626717299,nan,nan,-0.007049633699638,0.784946236559,85,-0.128249639849587
CID044305551,nan,nan,-0.030134063772607994,nan,nan,-0.05689863315834999,nan,nan,-0.005777312709410999,0.904761904762,370,-0.057065785965563984
CID066561090,nan,nan,-0.04574947595145201,nan,nan,-0.08231273171277999,nan,nan,-0.018629563492063003,0.846153846154,187,-0.08898694766256698
CID019879232,nan,nan,-0.046293796494690995,nan,nan,-0.066509014353144,nan,nan,-0.008352519704847001,0.876404494382,295,-0.07400888336806802
CID011224168,nan,nan,-0.040410416132293986,nan,nan,-0.08708239105338303,nan,nan,-0.004609448160515995,0.8064516129029999,105,-0.10825228859999103
CID057401867,nan,nan,-0.06261403024372,nan,nan,-0.063576136257865,nan,nan,-0.017790484504594,0.847826086957,196,-0.09883354577217199
CID009958299,nan,nan,-0.039689017939518,nan,nan,-0.08524780973350098,nan,nan,-0.006031134588356,0.8571428571430001,219,-0.07981476454404798
CID044592364,nan,nan,-0.085913283571882,nan,nan,-0.26807862316919095,nan,nan,-0.006808169069353999,0.839622641509,170,-0.09088226986959899
CID044527603,nan,nan,-0.051491653888472,nan,nan,-0.11174076426164499,nan,nan,-0.007172506429776003,0.681318681319,8,-0.17628287194557102
CID053467392,nan,nan,-0.050218917969542,informer,informer,informer,nan,nan,-0.019121990369186,informer,informer,informer
CID044305910,nan,nan,-0.03742341631547401,nan,nan,-0.054158007204413,nan,nan,-0.009171973343216,0.8928571428569999,342,-0.06427512633174504
CID051354327,nan,nan,-0.05451196391533,nan,nan,-0.11075758782238695,nan,nan,-0.008670256606498998,0.8571428571430001,220,-0.08345981904628696
CID005329477,nan,nan,-0.046039932269479014,nan,nan,-0.09080939374875296,nan,nan,-0.007193325337016,0.824561403509,124,-0.10111035941339203
CID006539463,nan,nan,-0.06472736391696801,nan,nan,-0.057394428474159015,nan,nan,-0.007391544117658,0.8928571428569999,343,-0.06173647478926603
CID006539461,nan,nan,-0.058285389847414,nan,nan,-0.08086592237668,nan,nan,-0.006468698403964002,0.876404494382,297,-0.07235716460038102
CID051354328,nan,nan,-0.049547352728887994,nan,nan,-0.10113614298332899,nan,nan,-0.008771339712921999,0.833333333333,143,-0.09523826836980501
CID006539467,nan,nan,-0.06527702531117201,nan,nan,-0.07875911363583796,nan,nan,-0.007278225035827,0.863636363636,249,-0.08057643208752599
CID006539465,nan,nan,-0.07324703669865601,nan,nan,-0.06448287833778898,nan,nan,-0.007744794780499002,0.879518072289,314,-0.06834806173465298
CID057396627,nan,nan,-0.063333626697753,nan,nan,-0.06549891467119799,nan,nan,-0.016294154144350998,0.86170212766,237,-0.090951584539298
CID044529262,nan,nan,-0.05161134299282599,nan,nan,-0.09575798678627603,nan,nan,-0.007680241468662998,0.7425742574259999,41,-0.14484303214610303
CID000599038,nan,nan,-0.03461347690214699,nan,nan,-0.059961971497032994,nan,nan,-0.006562002375691997,0.855421686747,214,-0.08025535359192698
CID044535870,nan,nan,-0.05914830129220001,nan,nan,-0.102081419202376,nan,nan,-0.008144088071723999,0.9,359,-0.06510056254168299
CID044529114,nan,nan,-0.051996239239571,informer,informer,informer,nan,nan,-0.0069527018354660014,informer,informer,informer
CID010086873,nan,nan,-0.049051084316202004,nan,nan,-0.071843674204929,nan,nan,-0.0065197348425749995,0.833333333333,140,-0.09422606465495399
CID044529385,nan,nan,-0.043668673632168,nan,nan,-0.07366667954361503,nan,nan,-0.0071010381204650004,0.9029126213590001,364,-0.05895121465210797
CID049862783,nan,nan,-0.06511670891743,nan,nan,-0.082985203010542,nan,nan,-0.008241614635106,0.8738738738740001,288,-0.07787294797372298
CID053466951,nan,nan,-0.053256980854056,nan,nan,-0.088461893370953,nan,nan,-0.015003802764774001,0.826923076923,130,-0.09541306112334098
CID051357954,nan,nan,-0.05120595839689401,nan,nan,-0.10193765685950798,nan,nan,-0.008467290676541,0.8679245283020001,260,-0.07826780398704197
CID006539588,nan,nan,-0.04854017294474801,nan,nan,-0.10311344966048898,nan,nan,-0.007452142857136001,0.847826086957,197,-0.08390174943526799
CID045269578,nan,nan,-0.047083529333396004,nan,nan,-0.10028212775378602,nan,nan,-0.0063889478025219975,0.811764705882,108,-0.10458529561705499
CID044525972,nan,nan,-0.04703013107311599,nan,nan,-0.12336114771101502,nan,nan,-0.005607148191617997,0.795698924731,95,-0.123013469792258
CID009903786,nan,nan,-0.060452000701908,nan,nan,-0.08807000877166299,nan,nan,-0.009209166666655,0.9058823529410001,372,-0.05512273317202197
CID006539587,nan,nan,-0.05785539393728602,nan,nan,-0.08603275597947699,nan,nan,-0.00821953405016,0.879120879121,312,-0.06726234401481798
CID005329481,nan,nan,-0.05238578944022601,nan,nan,-0.08613245806217601,nan,nan,-0.006861653116528999,0.8777777777779999,302,-0.07722741665732705
CID006539582,nan,nan,-0.05175267303081201,nan,nan,-0.099883431035672,nan,nan,-0.008950519689649,0.8383838383840001,163,-0.09208163352979595
CID006539480,nan,nan,-0.063031068043064,nan,nan,-0.06083286466784398,nan,nan,-0.0068862605953290005,0.896551724138,350,-0.060313573654551006
CID044525932,nan,nan,-0.051506065331601,nan,nan,-0.126732122116473,nan,nan,-0.009015163960327997,0.734693877551,28,-0.156904084385781
CID044525933,nan,nan,-0.046403183935989016,nan,nan,-0.10264853996528098,nan,nan,-0.008108955638996999,0.7340425531910001,27,-0.15623074103056495
CID070683337,nan,nan,-0.062428628529847006,nan,nan,-0.061202478336737975,nan,nan,-0.015145878019874,0.8823529411759999,317,-0.08114235147498602
CID044525936,nan,nan,-0.04001546165618,nan,nan,-0.12596400445430597,nan,nan,-0.006138897981441997,0.755319148936,60,-0.14909843736653697
CID044525937,nan,nan,-0.04625785374282598,nan,nan,-0.12107525323944296,nan,nan,-0.0076636929568809995,0.742268041237,40,-0.15301203267866703
CID044525934,nan,nan,-0.051234104515525986,nan,nan,-0.11296716132016899,nan,nan,-0.008718895103420997,0.729166666667,22,-0.15804627660330098
CID044525935,nan,nan,-0.045015022901639994,nan,nan,-0.13103720352177198,nan,nan,-0.006914904738643002,0.75,54,-0.150048034598393
CID010358578,nan,nan,-0.050598388910836,nan,nan,-0.07512795466889399,nan,nan,-0.0061865853658519985,0.876404494382,296,-0.07209294051233002
CID044525938,nan,nan,-0.049619083403876996,nan,nan,-0.11711592199037697,nan,nan,-0.0078092249855469965,0.736842105263,34,-0.154825377853201
CID044525939,nan,nan,-0.050327407728692,nan,nan,-0.123511312890927,nan,nan,-0.008028933832123,0.736842105263,33,-0.154861928259316
CID070683338,nan,nan,-0.05726119381326801,nan,nan,-0.06340244985259295,nan,nan,-0.013296328671326,0.862745098039,246,-0.08465253195003099
CID044526068,nan,nan,-0.06094697118297001,nan,nan,-0.09062496889449599,nan,nan,-0.008311464654745,0.8777777777779999,301,-0.07135886067727903
CID044591845,nan,nan,-0.080422409677057,nan,nan,-0.34715169090172093,nan,nan,-0.007139173933124,0.826923076923,131,-0.09465030986509498
CID044397393,nan,nan,-0.038146767862583,nan,nan,-0.07454787993315096,nan,nan,-0.005518049074212997,0.862068965517,239,-0.08093806402895201
CID025263079,nan,nan,-0.084870851447331,nan,nan,-0.116953677687936,nan,nan,-0.007754166666673,0.877551020408,300,-0.07395512009083999
CID011220119,nan,nan,-0.049772613022973,nan,nan,-0.07202442934049298,nan,nan,-0.007976479196141998,0.8953488372089999,349,-0.060078080999295014
CID046214650,nan,nan,-0.04752053606398398,nan,nan,-0.08097799315214597,nan,nan,-0.008891448098340998,0.875,293,-0.075743339632488
CID044336144,nan,nan,-0.043209600679689014,nan,nan,-0.08953179474550099,nan,nan,-0.008539560772776001,0.8210526315790001,118,-0.11325591455446195
CID009836051,nan,nan,-0.050949807388784005,nan,nan,-0.06931802531906298,nan,nan,-0.008264292914426001,0.873563218391,284,-0.07260498309869598
CID044532690,nan,nan,-0.04439827593388501,nan,nan,-0.089522045821947,nan,nan,-0.007153726373062001,0.827272727273,132,-0.10951938973237496
CID011682680,nan,nan,-0.059784205238377006,nan,nan,-0.09856151068169698,nan,nan,-0.009988128772627999,0.847826086957,194,-0.087960760254056
CID006539516,nan,nan,-0.038905395867902995,nan,nan,-0.05181671561847498,nan,nan,-0.008167881116407,0.873563218391,282,-0.07110533821480497
CID044269265,nan,nan,-0.045217190843458,nan,nan,-0.093057305230985,nan,nan,-0.008695918367342,0.822916666667,121,-0.11197089418753699
CID010267580,nan,nan,-0.047632875830192004,nan,nan,-0.07659322885982298,nan,nan,-0.006271950032444999,0.860465116279,234,-0.08094261214794998
CID006539513,nan,nan,-0.05068322391509102,nan,nan,-0.07408319161270599,nan,nan,-0.006198376611183002,0.922222222222,392,-0.04997442103806299
CID006539512,nan,nan,-0.04487685913949499,nan,nan,-0.05256856701040497,nan,nan,-0.005294140135863998,0.939759036145,398,-0.03973789340922
CID044528968,nan,nan,-0.046952583341644,nan,nan,-0.108561701320839,nan,nan,-0.006759289759585998,0.6451612903230001,7,-0.18817175603160996
CID044578252,nan,nan,-0.047817046398243024,nan,nan,-0.10139185851102099,nan,nan,-0.006784322678848001,0.879120879121,311,-0.067872852307572
CID006539519,nan,nan,-0.04844204942594401,nan,nan,-0.056004981373457996,nan,nan,-0.008890665403413999,0.865168539326,253,-0.07231125423274999
CID051357696,nan,nan,-0.050607191744443995,nan,nan,-0.08953728402664299,nan,nan,-0.008234489200386998,0.8571428571430001,225,-0.08369811872443096
CID024803957,nan,nan,-0.08773761371897298,informer,informer,informer,nan,nan,-0.007361282471286999,informer,informer,informer
CID053469453,nan,nan,-0.04723529054842701,nan,nan,-0.08521336900506399,nan,nan,-0.018439064558607,0.841584158416,177,-0.08722002327629602
CID044525486,nan,nan,-0.05606229460560998,nan,nan,-0.13434943120646703,nan,nan,-0.007697352928445001,0.7473684210529999,49,-0.147250843535422
CID044525485,nan,nan,-0.04947604811973099,nan,nan,-0.13120420790597198,nan,nan,-0.006929999999995998,0.75,57,-0.145372002885031
CID000309461,nan,nan,-0.04106982667731199,nan,nan,-0.07701160131914302,nan,nan,-0.006640174379622001,0.886075949367,332,-0.06556796835817902
CID044397192,nan,nan,-0.02459431227812802,nan,nan,-0.058194451275852,nan,nan,-0.005012090150452999,0.912087912088,384,-0.054664924368944004
CID011524582,nan,nan,-0.04641373104439399,nan,nan,-0.06215213138948801,nan,nan,-0.008549572649576998,0.83,136,-0.09582852279256701
CID025033539,nan,nan,-0.05231809561229401,nan,nan,-0.09614497726841899,nan,nan,-0.008706535396673001,0.878504672897,306,-0.07564151588098202
CID010639924,nan,nan,-0.05651977847972399,nan,nan,-0.08840745494520098,nan,nan,-0.0075195842653620025,0.873563218391,279,-0.07204691780724798
CID006263849,nan,nan,-0.038562069004778016,nan,nan,-0.061253232964724,nan,nan,-0.005365693899044001,0.915662650602,389,-0.04983791844756799
CID056673516,nan,nan,-0.042299467227936025,informer,informer,informer,nan,nan,-0.008226335817344003,informer,informer,informer
CID044305594,nan,nan,-0.03940805182946801,nan,nan,-0.07061122509172002,nan,nan,-0.008052065443370001,0.880952380952,316,-0.07106232005862599
CID011495551,nan,nan,-0.052606614057097004,nan,nan,-0.11410414092094898,nan,nan,-0.008435330261149,0.833333333333,147,-0.09604378787232601
CID022049997,nan,nan,-0.04175679233327201,nan,nan,-0.080096099572954,nan,nan,-0.0066938838475440006,0.904761904762,368,-0.058520198118438
CID018536633,nan,nan,-0.044185770889909,nan,nan,-0.09619810862327195,nan,nan,-0.007387757564062,0.817307692308,112,-0.10245579789397699
CID056680318,nan,nan,-0.051677434856299,nan,nan,-0.11304166388943898,nan,nan,-0.00785019491656,0.745454545455,48,-0.162340925907462
CID006539394,nan,nan,-0.03379406865561499,nan,nan,-0.11191924792698099,nan,nan,-0.004594866139535997,0.513888888889,1,-0.259364863292623
CID006539398,nan,nan,-0.04641933685279401,nan,nan,-0.114151150190417,nan,nan,-0.006209615384601999,0.569620253165,3,-0.24118221218455999
CID044536075,nan,nan,-0.06449187909345,nan,nan,-0.09437241061588003,nan,nan,-0.009340621352257,0.9,357,-0.06121269927388098
CID051356289,nan,nan,-0.05012454929038801,nan,nan,-0.11423230755252001,nan,nan,-0.007106304293890002,0.8,99,-0.11445967861865997
CID044529229,nan,nan,-0.062528395270253,nan,nan,-0.08421888873988997,nan,nan,-0.006568818860448999,0.875,290,-0.07710537403937598
CID044532450,nan,nan,-0.04747242473136402,nan,nan,-0.08845808206507201,nan,nan,-0.007871460674174003,0.8367346938779999,156,-0.09579859888106304
CID011793277,nan,nan,-0.045579576465083,nan,nan,-0.06867178111803102,nan,nan,-0.009290356744708997,0.849462365591,205,-0.09521700080986002
CID044529279,nan,nan,-0.052409624501066995,nan,nan,-0.10937667197691398,nan,nan,-0.007442153018867999,0.724489795918,19,-0.15551167360909599
CID024804781,nan,nan,-0.075016999440502,informer,informer,informer,nan,nan,-0.006819576719573,informer,informer,informer
CID044526078,nan,nan,-0.05725304483153001,nan,nan,-0.08837412261791702,nan,nan,-0.008297966027216,0.863157894737,248,-0.082791608442567
CID044532526,nan,nan,-0.04011786531512898,nan,nan,-0.09113456632687,nan,nan,-0.004296557956148,0.7951807228919999,94,-0.11060075497539404
CID006539426,nan,nan,-0.044120041770173,nan,nan,-0.100511831035448,nan,nan,-0.006543593073597999,0.6125,5,-0.20588839395556896
CID044526072,nan,nan,-0.055388529273787984,nan,nan,-0.094945136520625,nan,nan,-0.007650212652847999,0.8043478260870001,102,-0.10130513384326797
CID044526073,nan,nan,-0.063281122603475,nan,nan,-0.09391092856310797,nan,nan,-0.008068486882854999,0.865168539326,252,-0.07702900436370098
CID044526070,nan,nan,-0.06541767922160402,nan,nan,-0.095482422343021,nan,nan,-0.008398068901046,0.873563218391,278,-0.07444042908121898
CID044526071,nan,nan,-0.064077433144093,nan,nan,-0.087397469664216,nan,nan,-0.008778420208371,0.8723404255320001,275,-0.07454850532369697
CID044526076,nan,nan,-0.063266181567263,nan,nan,-0.11081219157800098,nan,nan,-0.008114838258672999,0.863157894737,247,-0.08217313225533601
CID044526077,nan,nan,-0.060181742786446,nan,nan,-0.11438359253694501,nan,nan,-0.007533505336819997,0.8695652173909999,268,-0.07835994179271905
CID044526075,nan,nan,-0.05605031587923501,nan,nan,-0.087715476190569,nan,nan,-0.007665967900436003,0.8709677419349999,271,-0.07507171070108803
CID009861063,nan,nan,-0.055886651376984,nan,nan,-0.089967652943646,nan,nan,-0.0077540026591219995,0.8625,243,-0.07757311145708798
CID011712734,nan,nan,-0.045180887106326006,nan,nan,-0.08966958200392902,nan,nan,-0.006836145738016998,0.7659574468089999,72,-0.12972259418996904
CID015407403,nan,nan,-0.04776915658243999,nan,nan,-0.10388280766864401,nan,nan,-0.008271143617015999,0.8383838383840001,162,-0.09799935625576796
CID044397687,nan,nan,-0.047370068726642,nan,nan,-0.08826851765782397,nan,nan,-0.0066348675328160005,0.80487804878,103,-0.10903000727167299
CID044532978,nan,nan,-0.056377405893721005,nan,nan,-0.094089267629298,nan,nan,-0.006683895921233002,0.79012345679,93,-0.11644865695418102
CID044328896,nan,nan,-0.037707783158218995,nan,nan,-0.08777815602842497,nan,nan,-0.006925059101659,0.8279569892470001,133,-0.10273483986353894
CID010135552,nan,nan,-0.04830998348709399,nan,nan,-0.10182445440248099,nan,nan,-0.006637851731603999,0.885416666667,328,-0.071128193661743
CID011373846,nan,nan,-0.037708699797219,nan,nan,-0.07876528014218799,nan,nan,-0.0059321099538479985,0.83,137,-0.089204856865675
CID021078798,nan,nan,-0.04976086757998001,nan,nan,-0.09378709292491498,nan,nan,-0.0074970417732360016,0.894736842105,345,-0.06253062115307498
CID045481463,nan,nan,-0.05856123639999,nan,nan,-0.11094865965099102,nan,nan,-0.007192332641402999,0.826530612245,129,-0.10044058294696798
CID006450551,nan,nan,-0.050336359461136,nan,nan,-0.10141562335423798,nan,nan,-0.0063726431338739994,0.878787878788,307,-0.07027558125462599
CID044578709,nan,nan,-0.056145555783045004,nan,nan,-0.11953869201259601,nan,nan,-0.008505797101454,0.8181818181820001,113,-0.10846184996464496
CID010452739,nan,nan,-0.05155943797651902,nan,nan,-0.078688262692892,nan,nan,-0.008290704753820002,0.882978723404,323,-0.06951098440655601
CID057396626,nan,nan,-0.059988109284623,nan,nan,-0.06436019413570797,nan,nan,-0.015776569372259998,0.8152173913040001,110,-0.10957923634472697
CID000069689,nan,nan,-0.02676393036092599,nan,nan,-0.05091613613615702,nan,nan,-0.006300686204637999,0.8933333333329999,344,-0.06143181376747603
CID044532720,nan,nan,-0.04397648194653899,nan,nan,-0.08298359408004,nan,nan,-0.005351202321721997,0.8705882352940001,269,-0.07772243686940697
CID053322416,nan,nan,-0.056397501896185,nan,nan,-0.10082300580620603,nan,nan,-0.007833645011115,0.8915662650599999,341,-0.06331756915756503
CID024804298,nan,nan,-0.080549930812256,nan,nan,-0.3176073894068339,nan,nan,-0.007281084186290003,0.8490566037739999,202,-0.08796018605543902
CID044532480,nan,nan,-0.043192557191034014,nan,nan,-0.08633598113594296,nan,nan,-0.005996251378669,0.851485148515,208,-0.09262291199371399
CID057396625,nan,nan,-0.07093279859926802,nan,nan,-0.067158310230258,nan,nan,-0.01818056137412,0.858695652174,228,-0.09191615683428199
CID006539579,nan,nan,-0.052717211844095016,nan,nan,-0.08904021483331098,nan,nan,-0.008043052837579001,0.8666666666670001,258,-0.07391093727631795
CID057345685,nan,nan,-0.068499566337513,nan,nan,-0.064454679915762,nan,nan,-0.017485868688798003,0.878787878788,310,-0.08430068333194499
CID044529220,nan,nan,-0.050227602458834994,nan,nan,-0.11007624338237601,nan,nan,-0.007083518170304998,0.757009345794,61,-0.14000919625471597
CID051355190,nan,nan,-0.048284123687020994,nan,nan,-0.089227552990017,nan,nan,-0.00824007808582,0.8317757009350001,138,-0.09401244953310997
CID045480848,nan,nan,-0.055635563044718,nan,nan,-0.10731835662379902,nan,nan,-0.007305913978514001,0.828282828283,134,-0.09779973389338797
CID015872399,nan,nan,-0.03764414571384201,nan,nan,-0.080923830138074,nan,nan,-0.006181914893619002,0.84693877551,193,-0.08980390208206002
CID045270417,nan,nan,-0.047046651529053005,nan,nan,-0.07689346191123998,nan,nan,-0.0062626573426590015,0.83950617284,168,-0.090921856243345
CID044525943,nan,nan,-0.044136181254501,nan,nan,-0.11763961863983496,nan,nan,-0.00698292169864,0.736842105263,35,-0.15524424820278201
CID011626560,nan,nan,-0.03667061416519899,nan,nan,-0.07100468099096599,nan,nan,-0.006839886332478,0.877358490566,299,-0.072544807587613
CID009923028,nan,nan,-0.05193546078576501,nan,nan,-0.064864210198676,nan,nan,-0.008406611638446,0.875,291,-0.072733523449424
CID044525958,nan,nan,-0.05206068969326401,nan,nan,-0.11155213261908001,nan,nan,-0.007911130409625001,0.76,67,-0.138610181776218
CID044525959,nan,nan,-0.04694698886607801,nan,nan,-0.134704755062664,nan,nan,-0.007336808373089001,0.744680851064,45,-0.15468899397981703
CID044532438,nan,nan,-0.053041623385434014,nan,nan,-0.09554698718286198,nan,nan,-0.008028196820885,0.85,206,-0.09288515021106501
CID000253268,nan,nan,-0.025599044950692998,nan,nan,-0.05003855216523403,nan,nan,-0.0059566869858929975,0.8974358974359999,351,-0.05960119505131403
CID044526685,nan,nan,-0.05163044027914,nan,nan,-0.07344314765241802,nan,nan,-0.01107590187591,0.858695652174,227,-0.096258322404398
CID044532432,nan,nan,-0.04495973843407999,nan,nan,-0.07685527544347101,nan,nan,-0.005786732929998,0.8571428571430001,222,-0.08286073880219597
CID044525952,nan,nan,-0.056124696131923,nan,nan,-0.139809469461613,nan,nan,-0.007292664454420001,0.747474747475,50,-0.14478990638501602
CID005330286,nan,nan,-0.035462549460756,nan,nan,-0.083328050273447,nan,nan,-0.006085528262782001,0.8252427184469999,126,-0.10022833949493204
CID044525954,nan,nan,-0.04568122480112399,nan,nan,-0.10944930055689,nan,nan,-0.006970945712904996,0.7575757575759999,62,-0.14029700888229002
CID044525955,nan,nan,-0.053028963697297,nan,nan,-0.11751452284049799,nan,nan,-0.007937087912088,0.752577319588,58,-0.14465680222925797
CID044525956,nan,nan,-0.052102271484866014,nan,nan,-0.12319025827987598,nan,nan,-0.008262257004002002,0.762376237624,70,-0.13917772589822802
CID044525957,nan,nan,-0.04799901792916901,nan,nan,-0.108539683765466,nan,nan,-0.007227196969694,0.75,52,-0.146375914900061
CID023648920,nan,nan,-0.064432458017679,nan,nan,-0.18889415965084597,nan,nan,-0.008167997523177999,0.8488372093019999,201,-0.09079960498885806
CID044525950,nan,nan,-0.051745508249185015,nan,nan,-0.11505624595846603,nan,nan,-0.007990519525042998,0.7575757575759999,64,-0.14000803710293902
CID044527657,nan,nan,-0.049348684836265005,nan,nan,-0.09600820776567202,nan,nan,-0.006176073320592001,0.858695652174,226,-0.08334973074506499
CID024803300,nan,nan,-0.11627881228147152,nan,nan,-0.26202099807382495,nan,nan,-0.007360440182859,0.855769230769,218,-0.08438370523323599
CID024803301,nan,nan,-0.09899980096070898,nan,nan,-0.23723362192726194,nan,nan,-0.007039436769601996,0.844036697248,180,-0.08946143236540999
CID044525951,nan,nan,-0.050960852613455,nan,nan,-0.11502457216820902,nan,nan,-0.007254974389278997,0.767676767677,75,-0.13791990391812603
CID023648887,nan,nan,-0.06235407844386401,nan,nan,-0.21193097552839502,nan,nan,-0.006675042920378,0.879120879121,313,-0.07920819289474298
CID006539550,nan,nan,-0.056990046232646,nan,nan,-0.10797818551978297,nan,nan,-0.008742310528826997,0.833333333333,144,-0.097240906974454
CID011959683,nan,nan,-0.039646138535563,nan,nan,-0.07331114016467298,nan,nan,-0.006119642857151,0.8691588785050001,266,-0.07636330126388298
CID022112846,nan,nan,-0.04755881349305401,nan,nan,-0.086609693081639,nan,nan,-0.0070677086797320005,0.822916666667,120,-0.10755094122678499
CID044479934,nan,nan,-0.04415849234804502,nan,nan,-0.09705292045059001,nan,nan,-0.006704126518639003,0.8723404255320001,276,-0.07265829867743798
CID010310395,nan,nan,-0.033497075249633,informer,informer,informer,nan,nan,-0.005523094857725999,informer,informer,informer
CID024949702,nan,nan,-0.049725134656357986,nan,nan,-0.11568020104574799,nan,nan,-0.007033683223989999,0.8095238095239999,106,-0.11579332432265901
CID006539416,nan,nan,-0.043271581601375994,nan,nan,-0.10019638563347201,nan,nan,-0.006621202327085999,0.5875,4,-0.21220072456731298
CID009945516,nan,nan,-0.058491073527514,nan,nan,-0.086409466882472,nan,nan,-0.008415799460703,0.869047619048,264,-0.07542391013994801
CID011133737,nan,nan,-0.04270407753357199,nan,nan,-0.08805972860515399,nan,nan,-0.008199999999981996,0.835051546392,150,-0.09564736569928801
CID049862644,nan,nan,-0.078166588444991,nan,nan,-0.08702334322588802,nan,nan,-0.008622331643030999,0.9,358,-0.06353809094394898
CID011514099,nan,nan,-0.047524838826419,nan,nan,-0.06666682850423598,nan,nan,-0.007889148139997,0.9135802469140001,385,-0.05112446680449797
CID001491157,nan,nan,-0.054991585866047,nan,nan,-0.08212291093881999,nan,nan,-0.008339826839834,0.9157894736839999,390,-0.05133492130247605
CID060150509,nan,nan,-0.04872318730649701,nan,nan,-0.07123229629866198,nan,nan,-0.010369997926589,0.7979797979800001,97,-0.11110295232539596
CID024803786,nan,nan,-0.07940504503548101,nan,nan,-0.221996307815315,nan,nan,-0.005931215842983002,0.8877551020409999,337,-0.07018085094858503
CID046886665,nan,nan,-0.03311612329572501,nan,nan,-0.07535124471713399,nan,nan,-0.005334822560393,0.885714285714,330,-0.06567839151117698
CID044571415,nan,nan,-0.05416188310991302,nan,nan,-0.09313518704141201,nan,nan,-0.008490378811252,0.8679245283020001,259,-0.08077716042201497
CID053317178,nan,nan,-0.051078385734735,nan,nan,-0.077647171562272,nan,nan,-0.008612378411195002,0.90243902439,362,-0.057479499841206996
CID009925594,nan,nan,-0.056990817581411016,nan,nan,-0.077122999191361,nan,nan,-0.007423287451986001,0.8987341772149999,354,-0.05660369599550903
CID000129723,nan,nan,-0.04304926796932501,nan,nan,-0.05642482257756696,nan,nan,-0.008264292914426001,0.860465116279,235,-0.07885284742384199
CID005311382,nan,nan,-0.04602985918974799,informer,informer,informer,nan,nan,-0.007579120879114996,informer,informer,informer
CID000227502,nan,nan,-0.034011433301485025,nan,nan,-0.04987516804185703,nan,nan,-0.006175181783378002,0.928571428571,395,-0.04689687071539103
CID049798353,nan,nan,-0.04665796144258101,nan,nan,-0.07437803200273402,nan,nan,-0.006721153846145002,0.922222222222,393,-0.04850103348493699
CID044525928,nan,nan,-0.04270998944286101,nan,nan,-0.111092339986156,nan,nan,-0.007641695488293998,0.714285714286,13,-0.166511718053459
CID044526922,nan,nan,-0.048833759893159995,nan,nan,-0.098541677777754,nan,nan,-0.008569710664389,0.88,315,-0.074799991158883
CID009925372,nan,nan,-0.053251805967064,nan,nan,-0.08592024095076799,nan,nan,-0.008156788793095998,0.819277108434,115,-0.09518649585759198
CID006539615,nan,nan,-0.04355963847724499,nan,nan,-0.10336628765055897,nan,nan,-0.007633737400761,0.846846846847,191,-0.088605133163277
CID024802788,nan,nan,-0.08725996757464302,nan,nan,-0.27446873717048,nan,nan,-0.006947394739476,0.8365384615379999,154,-0.09258712973480202
CID006539565,nan,nan,-0.04796047753550299,nan,nan,-0.09184521137512297,nan,nan,-0.006373748473745999,0.873563218391,283,-0.072665107880594
CID011595752,nan,nan,-0.04750910900409901,nan,nan,-0.09207043305269999,nan,nan,-0.006969018543651999,0.79012345679,92,-0.10919511243874001
CID006539613,nan,nan,-0.043093149472679025,nan,nan,-0.10969649073673697,nan,nan,-0.006331975362534005,0.8387096774189999,165,-0.088058118171908
CID009929101,nan,nan,-0.036519510481335,nan,nan,-0.09238140345031601,nan,nan,-0.007003595807657002,0.7294117647059999,23,-0.14796149630083305
CID044525974,nan,nan,-0.05792779466431199,nan,nan,-0.13591449054399302,nan,nan,-0.007158175962527,0.833333333333,142,-0.09728146496864898
CID006539486,nan,nan,-0.06245080061852601,nan,nan,-0.08445987013437802,nan,nan,-0.007319534050173998,0.891304347826,340,-0.066669154774877
CID006539481,nan,nan,-0.06387702105812601,nan,nan,-0.06203257281531799,nan,nan,-0.007046655281420002,0.9069767441859999,373,-0.05455681450594303
CID044525973,nan,nan,-0.04572908226745401,nan,nan,-0.12158626022423699,nan,nan,-0.005804590495454999,0.795698924731,96,-0.12810400665446398
CID044525970,nan,nan,-0.05415850904887097,nan,nan,-0.11787674489244897,nan,nan,-0.007338933248153997,0.7894736842110001,91,-0.12487441890457297
CID044525971,nan,nan,-0.05942700935945001,nan,nan,-0.157663941154049,nan,nan,-0.006141902423817,0.787234042553,89,-0.127271726382433
CID017917696,nan,nan,-0.03782433574879,nan,nan,-0.086360656139615,nan,nan,-0.006688888888897,0.8404255319149999,173,-0.09363740544603605
CID009836050,nan,nan,-0.051223445384801,nan,nan,-0.070552308038395,nan,nan,-0.008155978727052,0.862068965517,238,-0.07595276547948203
CID011715767,nan,nan,-0.060439130196414004,nan,nan,-0.07481926324744301,nan,nan,-0.009044530977878,0.876543209877,298,-0.06769040609073002
CID051357138,nan,nan,-0.04210077663917099,nan,nan,-0.07764130062535499,nan,nan,-0.007874717975383002,0.8602150537630001,231,-0.08163579033885694
CID017755746,nan,nan,-0.040463760046595,nan,nan,-0.08975718068327196,nan,nan,-0.006493301158885999,0.87619047619,294,-0.07145820949832399
CID006539571,nan,nan,-0.04744813370866602,nan,nan,-0.09839332039536397,nan,nan,-0.006969550506550001,0.837209302326,158,-0.09310447079368
CID006539572,nan,nan,-0.04674221288518201,nan,nan,-0.10693942769327597,nan,nan,-0.006069978673276,0.846153846154,185,-0.09004963209158098
CID044525953,nan,nan,-0.048450365951984015,nan,nan,-0.10965708418476999,nan,nan,-0.007227196969694,0.75,53,-0.144958652665441
CID024804299,nan,nan,-0.080549930812256,nan,nan,-0.315766468127474,nan,nan,-0.007281084186290003,0.8490566037739999,203,-0.08887454891315605
CID044525968,nan,nan,-0.046138521532178,nan,nan,-0.10776025879423203,nan,nan,-0.006290754769924,0.8,98,-0.12364474401572798
CID006539470,nan,nan,-0.067610302658272,nan,nan,-0.08808312228026596,nan,nan,-0.007278225035827,0.863636363636,251,-0.07964733933012298
CID000667570,nan,nan,-0.055708280045084,nan,nan,-0.07030425943115101,nan,nan,-0.008218936259057,0.911392405063,383,-0.053278451087867995
CID006539473,nan,nan,-0.071347377008735,nan,nan,-0.08941824833872296,nan,nan,-0.008167997523177999,0.862068965517,242,-0.08153162219394401
CID070685440,nan,nan,-0.06657188163060301,nan,nan,-0.063807933847642,nan,nan,-0.016038438902156,0.878787878788,308,-0.08563221596651299
CID006539475,nan,nan,-0.06614450295086302,nan,nan,-0.05734458833157596,nan,nan,-0.007153477896515002,0.9176470588240001,391,-0.05278908387737696
CID070685442,nan,nan,-0.053791531569636994,nan,nan,-0.06943499720138797,nan,nan,-0.011965182186229998,0.82,116,-0.10876146655433801
CID006539477,nan,nan,-0.056476387918581,nan,nan,-0.07657644864601199,nan,nan,-0.0064924192485160005,0.8681318681319999,261,-0.07786610127099002
CID046215644,nan,nan,-0.04930146734612498,nan,nan,-0.08169510780312797,nan,nan,-0.006545924736922996,0.875,289,-0.07315925407726401
CID009865518,nan,nan,-0.042216778373456006,nan,nan,-0.089621683431295,nan,nan,-0.008444755576646,0.7717391304350001,80,-0.14039431763894095
CID010278843,nan,nan,-0.03945903372124901,nan,nan,-0.08978608638880298,nan,nan,-0.005488010856522002,0.8425925925929999,178,-0.09083692616785405
CID024802961,nan,nan,-0.08403851707902601,nan,nan,-0.26888338232714093,nan,nan,-0.006907350831904999,0.873786407767,287,-0.076353247330849
CID023133388,nan,nan,-0.037684277470272004,nan,nan,-0.09698024092081198,nan,nan,-0.007223593274207004,0.738636363636,36,-0.14525383675315495
CID000156414,nan,nan,-0.05042480477193501,nan,nan,-0.08028877049403599,nan,nan,-0.008272048170608998,0.836363636364,153,-0.101159081183957
CID010173796,nan,nan,-0.03705109303675,informer,informer,informer,nan,nan,-0.006918762293085001,informer,informer,informer
CID056673950,nan,nan,-0.08437130641680501,nan,nan,-0.09325953581689299,nan,nan,-0.01416277529393,0.8877551020409999,335,-0.07773708577196102
CID009836405,informer,informer,informer,nan,nan,-0.092116517335064,informer,informer,informer,0.83950617284,167,-0.089494986772264
CID053467178,informer,informer,informer,nan,nan,-0.08572724116607501,informer,informer,informer,0.834951456311,149,-0.092863093835533
CID006539472,informer,informer,informer,nan,nan,-0.06226544443228898,informer,informer,informer,0.883720930233,326,-0.06745229905030399
CID044526074,informer,informer,informer,nan,nan,-0.09212798700312601,informer,informer,informer,0.8777777777779999,303,-0.07202068563253602
CID042618144,informer,informer,informer,nan,nan,-0.096931875003592,informer,informer,informer,0.85393258427,211,-0.082948051770636
CID024803787,informer,informer,informer,nan,nan,-0.275237078178372,informer,informer,informer,0.872549019608,277,-0.076535512681932
CID051354901,informer,informer,informer,nan,nan,-0.08953728402664299,informer,informer,informer,0.8571428571430001,221,-0.08369811872443096
CID044525930,informer,informer,informer,nan,nan,-0.12236944572706102,informer,informer,informer,0.720430107527,15,-0.164032426995338
CID000003134,informer,informer,informer,nan,nan,-0.057433304090672946,informer,informer,informer,0.9367088607590001,397,-0.039869618802110984
CID017754438,informer,informer,informer,nan,nan,-0.07473444696688299,informer,informer,informer,0.814432989691,109,-0.10197499433625301
CID053245731,informer,informer,informer,nan,nan,-0.10466198019062198,informer,informer,informer,0.923913043478,394,-0.04850628021773802
CID009826528,informer,informer,informer,nan,nan,-0.08281048037986898,informer,informer,informer,0.909090909091,380,-0.06207900530118902
CID057401865,informer,informer,informer,nan,nan,-0.05896000478871,informer,informer,informer,0.86170212766,236,-0.09063773633581301
CID025263108,informer,informer,informer,nan,nan,-0.10339732535001199,informer,informer,informer,0.90099009901,360,-0.060824563748471984
CID044532639,informer,informer,informer,nan,nan,-0.08383706313897898,informer,informer,informer,0.8782608695649999,305,-0.07369956126107903
CID044397011,informer,informer,informer,nan,nan,-0.074187153063033,informer,informer,informer,0.835443037975,152,-0.09100380361539502
