molid,bglf4_c_s_1,bglf4_c_l_1,bglf4_c_w_1,bglf4_p_s_1,bglf4_p_l_1,bglf4_p_w_1,pknb_c_s_1,pknb_c_l_1,pknb_c_w_1,pknb_p_s_1,pknb_p_l_1,pknb_p_w_1,rop18_c_s_1,rop18_c_l_1,rop18_c_w_1,rop18_p_s_1,rop18_p_l_1,rop18_p_w_1
10113568,0.8691588785050001,206,-0.11615250076024194,0.8691588785050001,208,-0.44083284614012,0.8453608247419999,136,-0.020031593718254005,0.8425925925929999,109,-0.14438883215272363,0.8780487804880001,289,-0.23599294676545002,0.879120879121,163,-0.532038037132368
10125875,0.910891089109,323,-0.09367209028745603,0.885714285714,315,-0.44903999624610696,0.902173913043,313,-0.011797403938910003,0.56338028169,20,-0.28310629708859997,0.842857142857,218,-0.25026809289066004,0.483333333333,15,-0.95918633800198
10133732,0.8365384615379999,103,-0.13460031719250007,0.836363636364,256,-0.4856046476196661,0.9019607843140001,311,-0.013829337679722997,0.7978723404260001,78,-0.14060650834853294,0.820512820513,154,-0.25747633128262,0.725,84,-0.70288510570265
10158653,0.854368932039,158,-0.13132748287065002,0.816901408451,114,-0.5239488350134169,0.8404255319149999,115,-0.020609444812168004,0.859813084112,181,-0.11113700347045902,0.763888888889,56,-0.33031113851764005,0.9,307,-0.43471302740637996
10160775,0.8691588785050001,207,-0.12323606032308695,0.824324324324,150,-0.5457204509511719,0.8571428571430001,170,-0.021379957805883996,0.8425925925929999,111,-0.12641487906737003,0.820512820513,156,-0.28451651928736,0.85393258427,164,-0.5505175655022101
10171618,0.881188118812,249,-0.10758808614520901,0.8571428571430001,285,-0.47845404458890506,0.881720430108,261,-0.011728053089436998,0.670886075949,48,-0.217116218063404,0.833333333333,188,-0.2437207897057,0.676056338028,69,-0.7520407169866901
10173796,0.833333333333,91,-0.15136519294277906,informer,informer,informer,0.841584158416,122,-0.013453885162790998,informer,informer,informer,0.845238095238,219,-0.27498011210869,informer,informer,informer
10193464,0.875,226,-0.11130009823004601,0.875,331,-0.42419215747238204,0.92,336,-0.008943536143594,0.6375,38,-0.21988916764128605,0.871794871795,280,-0.21921069863941,0.657534246575,63,-0.73469925516439
10193482,0.8962264150939999,283,-0.10470020336306304,0.872727272727,297,-0.4677326402822181,0.909090909091,325,-0.010512629213268995,0.527027027027,10,-0.29574891931440006,0.8571428571430001,246,-0.24652871805474988,0.515151515152,24,-0.9475688657995202
10200651,0.8971962616820001,289,-0.10068865164966796,0.8938053097349999,299,-0.391359917726377,0.8877551020409999,279,-0.020831865580748003,0.8807339449539999,265,-0.10589323526058504,0.844155844156,213,-0.26174101906298997,0.746835443038,90,-0.60251584761577
10215776,0.885714285714,258,-0.114717593225628,0.872727272727,261,-0.526862593229137,0.875,236,-0.011883398051064998,0.486111111111,6,-0.32578817609058003,0.8266666666670001,170,-0.27729128220642996,0.444444444444,9,-1.09160477937481
10236195,0.849462365591,141,-0.12409889832030002,0.8367346938779999,272,-0.426119091463699,0.860465116279,187,-0.014336091161605998,0.62962962963,23,-0.183647628999372,0.8695652173909999,274,-0.24446880080874003,0.9,310,-0.44150775346980986
10272700,0.7961165048540001,28,-0.16489146126962695,0.7961165048540001,110,-0.575445462038271,0.826530612245,76,-0.019089832062805998,0.828282828283,136,-0.14707020429342393,0.827160493827,174,-0.27407044420359,0.8068181818179999,108,-0.6647197086583801
10286242,0.8989898989899999,294,-0.10264278878869804,0.888888888889,309,-0.45329984046849814,0.863636363636,197,-0.013156571477698,0.492537313433,8,-0.321599063212319,0.8405797101450001,210,-0.24738920208552992,0.448275862069,12,-1.01414155364078
10294883,0.916666666667,334,-0.08300408228370099,0.873563218391,239,-0.416098099692891,0.875,237,-0.013686113363859997,0.8279569892470001,134,-0.13277667295206694,0.4,4,-0.5442304031854799,0.819277108434,129,-0.54020760136018
10295475,0.894230769231,274,-0.09766928720513103,0.87037037037,312,-0.403676301782693,0.8842105263160001,271,-0.019697419589836,0.877358490566,253,-0.09183301464598498,0.868421052632,270,-0.24803291192018004,0.909090909091,295,-0.39600945937338006
10308522,0.894230769231,275,-0.11319019763351902,informer,informer,informer,0.9072164948450001,319,-0.012932284503063994,informer,informer,informer,0.837837837838,198,-0.26909626465756,informer,informer,informer
10321190,0.841121495327,118,-0.13150820705649002,0.81981981982,194,-0.46812337569579815,0.883495145631,270,-0.013391862470206,0.851485148515,218,-0.122995207880251,0.782051282051,72,-0.32259569525689,0.8709677419349999,306,-0.4590554313606102
10469531,0.8571428571430001,167,-0.12318228858050395,0.8217821782179999,206,-0.51017137257508,0.8804347826090001,253,-0.018267527475524997,0.8571428571430001,240,-0.11712030044758998,0.830985915493,184,-0.27344495684972,0.8928571428569999,218,-0.48827293805188027
10475737,0.826530612245,81,-0.140437256644647,0.826530612245,241,-0.477803774682523,0.8842105263160001,272,-0.013758534302671994,0.8241758241760001,124,-0.13218315181848797,0.788732394366,80,-0.3041419521755201,0.8571428571430001,236,-0.5215341830772899
11155941,0.8235294117649999,73,-0.17791743003997507,0.8235294117649999,198,-0.5599168165381879,0.81914893617,60,-0.015641406744466003,0.8210526315790001,116,-0.15829378699345698,0.578125,25,-0.4377831059386399,0.7976190476189999,99,-0.58182733460078
11163861,0.835051546392,101,-0.16613407140415404,informer,informer,informer,0.844444444444,132,-0.013812533976119,informer,informer,informer,0.7272727272730001,30,-0.39964604067116993,informer,informer,informer
11231939,0.804597701149,44,-0.20752859549449604,0.804597701149,145,-0.5049514508048482,0.8414634146340001,121,-0.014836243938797997,0.8705882352940001,292,-0.11777852863396297,0.369565217391,5,-0.53444501300561,0.881578947368,330,-0.45498780928638993
11233873,0.808080808081,48,-0.15655718303210003,0.762376237624,50,-0.6474173992363911,0.8877551020409999,280,-0.018114935264407998,0.8421052631579999,182,-0.12537238838664802,0.8875,311,-0.22332434039559007,0.8488372093019999,76,-0.6198274032625501
11244488,0.797752808989,29,-0.222026009652112,0.797752808989,115,-0.5554034158817209,0.80487804878,37,-0.016895591901735,0.821428571429,118,-0.14312575213259798,0.266666666667,1,-0.5994024289957,0.8421052631579999,213,-0.55611032731991
11247002,0.8666666666670001,195,-0.11394096020406695,0.833333333333,106,-0.5506369336535858,0.9,308,-0.015932915628708997,0.8556701030930001,238,-0.11194334712291698,0.888888888889,317,-0.21121136149977,0.8505747126440001,80,-0.5611123711831398
11269477,0.87037037037,215,-0.11583929421998201,0.837837837838,125,-0.5572151264290199,0.87,222,-0.018288596681086,0.8484848484849999,212,-0.122886494328471,0.865853658537,264,-0.24590066990420997,0.855555555556,92,-0.5639735594772197
11273032,0.814516129032,57,-0.154398938915046,0.814516129032,175,-0.5396232031107071,0.820512820513,64,-0.020346177137047,0.847328244275,125,-0.13085460030403698,0.854368932039,241,-0.24400695628868002,0.867256637168,154,-0.55314932127201
11281930,0.906542056075,313,-0.08779628612524396,0.79012345679,58,-0.507289745791116,0.863157894737,194,-0.016425465178090997,0.87962962963,257,-0.10887331352747702,0.8266666666670001,172,-0.28868218254256994,0.79012345679,43,-0.63535409451453
11284937,0.8217054263570001,68,-0.14619258986363498,0.8217054263570001,205,-0.505133148207509,0.8278688524590001,78,-0.019012502073829998,0.848,147,-0.1287616634403,0.881818181818,299,-0.21579030492329004,0.863247863248,176,-0.5432396714219802
11290221,0.86170212766,182,-0.11911745318483202,0.810810810811,81,-0.46590400765376605,0.873563218391,231,-0.017238396833915,0.862068965517,260,-0.11810883371063201,0.761904761905,52,-0.31721635441991997,0.8571428571430001,131,-0.5398035812427099
11307581,0.825396825397,79,-0.144739217523015,0.825396825397,160,-0.540995435741608,0.8220338983050001,69,-0.019952970813288,0.8484848484849999,135,-0.12971117295518197,0.877358490566,285,-0.23237231747576997,0.868421052632,124,-0.56532271722114
11328632,0.813725490196,56,-0.17946753574800595,0.813725490196,169,-0.5573839623436491,0.782608695652,23,-0.016371626288719,0.7717391304350001,60,-0.18023656614894695,0.626865671642,31,-0.39030541440593003,0.8,102,-0.5955974563495201
11392350,0.908163265306,318,-0.12401277925964402,0.9,304,-0.36120961102180094,0.9111111111110001,328,-0.014580983755606994,0.8352941176469999,154,-0.12469882047325404,0.5,15,-0.42041651480751996,0.6461538461540001,60,-0.7225833513342399
11453116,0.861111111111,179,-0.11784053377356699,0.839285714286,161,-0.5411593388658031,0.86,185,-0.018309398131099004,0.826530612245,128,-0.131048520003258,0.894117647059,320,-0.21777142559380003,0.8695652173909999,125,-0.5155994759544702
11473228,0.910891089109,324,-0.08771095011020803,0.833333333333,123,-0.3887099434398161,0.865168539326,204,-0.015488375004595996,0.85393258427,226,-0.119823356965962,0.791044776119,96,-0.3054693054828299,0.833333333333,162,-0.50522462330614
11502866,0.859813084112,175,-0.12621379907748803,0.859813084112,311,-0.42983831335492195,0.84693877551,145,-0.017738985688941,0.86,209,-0.12242029468868802,0.807692307692,109,-0.2530341918722001,0.816091954023,117,-0.5336259999886199
11569498,0.839285714286,109,-0.13511878464407207,0.808695652174,89,-0.580189564360272,0.858490566038,176,-0.018522979995498,0.826923076923,130,-0.13467553398953097,0.8777777777779999,287,-0.24334944629188004,0.84375,68,-0.6007205076711
11604319,0.8971962616820001,290,-0.09773955512959495,0.883928571429,303,-0.42281462170470385,0.8877551020409999,281,-0.013120656322612001,0.829787234043,138,-0.13168082195762398,0.41071428571400004,6,-0.54208261089405,0.8352941176469999,174,-0.51608668004883
11605761,0.824561403509,74,-0.15031160042926,0.824561403509,223,-0.5075770679742481,0.820754716981,67,-0.020022731364338,0.85,139,-0.12708659220693103,0.820224719101,155,-0.24563018864756997,0.8383838383840001,198,-0.5383987319160899
11617559,0.8404255319149999,115,-0.1394835898967351,0.8095238095239999,78,-0.5142838714074821,0.765432098765,21,-0.016342277120914,0.87,231,-0.109574384823061,0.787878787879,78,-0.31607001314053995,0.90243902439,311,-0.40874944790674994
11626927,0.862385321101,184,-0.12330284582351203,0.860869565217,227,-0.47832251158555905,0.486842105263,14,-0.026258729890321,0.8571428571430001,169,-0.10520327766036097,0.827160493827,173,-0.27694579713997,0.858695652174,182,-0.5134413801511201
11627264,0.824561403509,75,-0.150339250460299,0.824561403509,229,-0.4895287473376941,0.8317757009350001,89,-0.020064642935644996,0.830508474576,89,-0.142260187772139,0.833333333333,185,-0.24500751110143,0.8383838383840001,201,-0.5356885095189199
11640889,0.849557522124,143,-0.13088255084774397,0.849557522124,283,-0.4512334398998939,0.858490566038,177,-0.017646350661835,0.838095238095,157,-0.13742935361489203,0.83908045977,199,-0.2590553845311,0.81914893617,126,-0.55066113376714
11656050,0.821428571429,66,-0.15396268001367097,0.821428571429,193,-0.49552981009748687,0.817307692308,58,-0.021034145862272993,0.847457627119,129,-0.13234907969840498,0.816091954023,135,-0.24995929159740995,0.8105263157889999,111,-0.5726689865567
11669455,0.8532110091740001,154,-0.12802350572503496,0.8532110091740001,274,-0.445389235732222,0.84,114,-0.018018980488334998,0.8584070796459999,173,-0.12234268742697305,0.829268292683,181,-0.23200806998832002,0.835164835165,171,-0.5300475606338502
11680113,0.9157894736839999,331,-0.07894225957867809,0.894736842105,327,-0.3412003037126651,0.880952380952,259,-0.012818623942101993,0.7558139534880001,43,-0.15385699298979597,0.878787878788,290,-0.22982252617812998,0.8648648648649999,288,-0.4399492614337801
11717091,0.8842105263160001,256,-0.10842357364606897,0.87012987013,233,-0.426083242986527,0.872093023256,226,-0.014879749275383998,0.860465116279,252,-0.12195691993162297,0.288888888889,2,-0.63290393547666,0.855263157895,190,-0.48821273310994995
11751266,0.8532110091740001,155,-0.12273060932045997,0.8421052631579999,173,-0.5066208225820719,0.873786407767,234,-0.016822357313844002,0.83,142,-0.13124334563047202,0.896551724138,327,-0.1998879249701,0.8723404255320001,136,-0.5164418591181599
11957417,0.78431372549,20,-0.177444387618129,0.78431372549,67,-0.5692303911507249,0.424657534247,11,-0.029036256060450995,0.836363636364,93,-0.11414163834754601,0.827160493827,175,-0.29091759673627,0.894736842105,226,-0.4770886673553699
11959377,0.9026548672570001,304,-0.08151818997724697,0.860869565217,326,-0.286471941262043,0.894230769231,292,-0.011131983316316,0.47619047618999993,7,-0.21058994518097401,0.9080459770110001,338,-0.15962655578640994,0.917525773196,349,-0.30914164797658994
11959682,0.887931034483,262,-0.10153595868649598,0.8852459016390001,343,-0.3424160545302319,0.811881188119,47,-0.015412823328129998,0.294871794872,1,-0.26907052256265496,0.8505747126440001,227,-0.24403948810562992,0.888888888889,333,-0.3767555912055599
11959683,0.887931034483,263,-0.10153595868649598,0.8852459016390001,344,-0.3424160545302319,0.811881188119,48,-0.015412823328129998,0.294871794872,3,-0.26907052256265496,0.8505747126440001,229,-0.24403948810562992,0.888888888889,336,-0.3767555912055599
15872388,0.855769230769,160,-0.125715529492726,0.8545454545450001,301,-0.43946368830248594,0.877551020408,243,-0.014143885018204003,0.831578947368,144,-0.13356869770434002,0.767123287671,58,-0.357964818739475,0.837209302326,186,-0.49108608485644
15872391,0.861111111111,180,-0.11665923249884798,0.859649122807,318,-0.43010260531560796,0.903846153846,316,-0.013208210180622999,0.8613861386139999,256,-0.11208787899834004,0.7948717948720001,100,-0.30398043434745997,0.804597701149,105,-0.5310203663706
15872400,0.858490566038,172,-0.12360563904732001,0.8571428571430001,314,-0.4404197737610679,0.88,249,-0.014057941442555002,0.835051546392,150,-0.13096757137559606,0.7567567567569999,48,-0.36174117341204803,0.840909090909,207,-0.48106124079484985
15872403,0.8348623853210001,95,-0.13635285617349993,0.8348623853210001,259,-0.458027729849601,0.88679245283,277,-0.012711805590076002,0.844660194175,194,-0.12381702574478999,0.79012345679,88,-0.31944727021930003,0.851063829787,237,-0.46756021647196994
15872404,0.838095238095,105,-0.13720546177740103,0.837837837838,271,-0.4703787366773541,0.881188118812,260,-0.014483128189688,0.824742268041,126,-0.13471616002340298,0.776315789474,64,-0.33985170544768994,0.816091954023,120,-0.5262740543821399
15872406,0.792079207921,24,-0.17519411456044806,0.792079207921,97,-0.5306421024293921,0.8105263157889999,42,-0.016304169329242002,0.8367346938779999,160,-0.13401363372191502,0.7432432432430001,44,-0.3959037835139,0.855555555556,249,-0.50445002034301
15872407,0.855855855856,162,-0.12467010287604802,0.854700854701,307,-0.43639440265734897,0.854368932039,165,-0.015397474166263001,0.7979797979800001,80,-0.14933870866918297,0.79012345679,90,-0.3223070192594101,0.826086956522,147,-0.5031328017839999
15872408,0.8490566037739999,140,-0.12674506175583405,0.848214285714,264,-0.460299651731303,0.892156862745,286,-0.013510682858002006,0.8484848484849999,214,-0.11790568908210505,0.776315789474,66,-0.33303369943128003,0.855555555556,252,-0.46426522671703996
15872409,0.844036697248,128,-0.128933405079317,0.84347826087,171,-0.534012396308525,0.885714285714,276,-0.013709138435020998,0.854368932039,234,-0.117582106243956,0.7875,76,-0.3241069049735501,0.873684210526,143,-0.5398314213616401
16048194,0.851063829787,148,-0.130622215587301,0.844155844156,95,-0.531069153385209,0.8488372093019999,150,-0.026660390118671003,0.868686868687,221,-0.10867157343097403,0.820895522388,159,-0.29399051954235,0.844155844156,71,-0.54683987842827
16048415,0.8522727272730001,152,-0.12785496143346195,0.851063829787,257,-0.4636371100867529,0.835443037975,96,-0.033499880968875,0.858695652174,175,-0.10143443286356198,0.8196721311480001,152,-0.30614414219197994,0.891891891892,217,-0.4678127450280399
16051023,0.80701754386,47,-0.156490364472195,0.80701754386,158,-0.552690645245311,0.619565217391,19,-0.022685881403933003,0.852459016393,141,-0.12543898094996497,0.849462365591,234,-0.25521620862215005,0.885714285714,193,-0.4848478275222299
16099859,0.8677685950409999,201,-0.12067935330493107,0.8571428571430001,319,-0.4577052228921129,0.836363636364,98,-0.018267343998698997,0.644230769231,25,-0.199105170995124,0.851063829787,233,-0.25662863513166,0.843137254902,216,-0.5182492037443998
16219401,0.9,297,-0.09562042855785,0.736111111111,51,-0.630266934581361,0.8777777777779999,244,-0.012940891286947004,0.827586206897,132,-0.137247162812486,0.791044776119,98,-0.30440928842887,0.786666666667,40,-0.7194638255676999
16236469,0.9245283018870001,341,-0.07195553421232896,0.889908256881,341,-0.26084291379227303,0.917525773196,334,-0.020580732966695,0.917431192661,345,-0.05837025591241801,0.950617283951,349,-0.08822306644096992,0.9204545454549999,332,-0.3256346329595802
16664858,0.8504672897200001,146,-0.13631890347072795,0.849557522124,263,-0.4495853993086778,0.871287128713,224,-0.028456848902961997,0.866071428571,215,-0.11277468539448299,0.894117647059,325,-0.18806871539463005,0.844444444444,222,-0.5218410350449699
17892742,0.80198019802,37,-0.17177652249529804,0.792452830189,98,-0.547351080812523,0.88,250,-0.014787539802232998,0.670588235294,46,-0.210995364660118,0.7894736842110001,84,-0.36398219913285995,0.740740740741,87,-0.7286111930329799
18536613,0.8504672897200001,147,-0.12524703371132195,0.849557522124,289,-0.44657208253881897,0.8823529411759999,265,-0.013078837052085004,0.8383838383840001,168,-0.127188159054688,0.779220779221,70,-0.32581319235109,0.8695652173909999,297,-0.44700879130815
18536627,0.858490566038,173,-0.118259279915191,0.846846846847,288,-0.442365297001057,0.9019607843140001,312,-0.012725812639743,0.858585858586,246,-0.109457094950614,0.7894736842110001,86,-0.320195130649048,0.8666666666670001,294,-0.4487808878720598
21701565,0.8279569892470001,85,-0.15658776890733891,0.8279569892470001,142,-0.5869344554589898,0.7951807228919999,29,-0.01769777770336,0.865168539326,264,-0.124023050776328,0.75,45,-0.3347835100910899,0.860759493671,103,-0.57148544815338
21951965,0.844262295082,130,-0.137251972316697,0.825396825397,165,-0.518372015880473,0.810810810811,44,-0.023461649711251,0.801801801802,88,-0.147662719462281,0.808510638298,113,-0.28363111509831995,0.87037037037,127,-0.5468878782162799
22464113,0.824742268041,76,-0.142990055180999,0.813725490196,176,-0.475249286249422,0.882978723404,269,-0.014143805792525003,0.7816091954019999,68,-0.148169668966585,0.802816901408,122,-0.30369814330793,0.869047619048,293,-0.5156487137941299
22464120,0.808510638298,49,-0.15192830871729504,0.808510638298,163,-0.47059549161813097,0.8804347826090001,254,-0.014833156437126,0.844444444444,192,-0.12473365080072199,0.8142857142859999,136,-0.29079491542805996,0.865853658537,277,-0.5101001500283799
22609796,0.906542056075,314,-0.09986743534090697,0.847058823529,137,-0.4877298751030061,0.851063829787,153,-0.018185871526300003,0.864583333333,259,-0.12497315077684902,0.760563380282,47,-0.36696715188733003,0.860465116279,101,-0.55047514996523
22727427,0.878504672897,237,-0.11518634750342502,0.8522727272730001,113,-0.523712961754634,0.867346938776,214,-0.015759253162126,0.833333333333,146,-0.138756990031339,0.8026315789470001,93,-0.29938364357955993,0.83908045977,85,-0.6073081200746798
23646936,0.872549019608,219,-0.11255584922602499,0.8705882352940001,167,-0.43765494737755783,0.847826086957,147,-0.018731985191377996,0.833333333333,91,-0.14837317136760203,0.868421052632,277,-0.23771655703181002,0.8705882352940001,130,-0.5426739123041397
23646938,0.885714285714,259,-0.106619741533176,0.873563218391,184,-0.433147600749289,0.8387096774189999,109,-0.020798659016014003,0.8252427184469999,71,-0.15656447683087799,0.8571428571430001,247,-0.25533740047212994,0.847058823529,140,-0.56820542007926
24180608,0.8971962616820001,291,-0.09551791286169595,0.816901408451,120,-0.420429160558577,0.852631578947,158,-0.014662006701905,0.877551020408,295,-0.11178659478584796,0.728571428571,32,-0.33265418275690994,0.9,342,-0.35626649049379994
24856364,0.855855855856,163,-0.12849849878560002,0.844827586207,250,-0.4915174269869389,0.865384615385,207,-0.017980370305321,0.8217821782179999,120,-0.14088848804608606,0.833333333333,187,-0.28979382278357,0.875,196,-0.5211983861116201
24896610,0.8061224489800001,45,-0.16726946093427497,0.8061224489800001,100,-0.64253168731413,0.863157894737,195,-0.019128878006918995,0.775280898876,66,-0.165583832601096,0.8421052631579999,209,-0.29295283850131004,0.7105263157889999,74,-0.83848788778125
24949545,0.8348623853210001,96,-0.14773045650345995,0.786516853933,69,-0.648944772084427,0.843137254902,130,-0.015957271859622,0.7731958762890001,62,-0.17306217981671496,0.819277108434,145,-0.30743226227523,0.7441860465119999,53,-0.82289463486853
25023715,0.877358490566,232,-0.101582647805045,0.875,334,-0.37411854298587494,0.888888888889,283,-0.014151203301208,0.7052631578949999,33,-0.13876222323685003,0.915662650602,342,-0.18501760550007995,0.9130434782610001,308,-0.3726557297038199
25093474,0.8571428571430001,168,-0.12929988970858597,0.844660194175,313,-0.43898829136510586,0.8426966292129999,129,-0.019937297485393003,0.862745098039,191,-0.109354533467,0.8142857142859999,127,-0.28794956230572,0.8928571428569999,325,-0.42333245075263004
25190921,0.802083333333,41,-0.15606482661231105,0.792079207921,88,-0.595776221940293,0.8842105263160001,273,-0.024348756719623,0.877358490566,255,-0.10520728726131598,0.883116883117,302,-0.22987374063687,0.8433734939759999,65,-0.5580291793457801
25190924,0.746835443038,14,-0.20638184630958503,0.746835443038,37,-0.5969524941255041,0.75,20,-0.028298007020577,0.8804347826090001,263,-0.09633731871161497,0.771929824561,60,-0.35903769468182,0.918918918919,328,-0.43682009370801994
25190926,0.8152173913040001,59,-0.15310228108283397,0.8152173913040001,65,-0.6620563168471871,0.837209302326,106,-0.021932512627968997,0.9029126213590001,325,-0.08068012373976102,0.8405797101450001,203,-0.29864391027062986,0.8157894736839999,49,-0.5626366576261603
25210971,0.5567010309279999,9,-0.33815013644234504,0.5567010309279999,25,-0.88174896204922,0.787037037037,24,-0.018807924369755,0.810810810811,100,-0.14587630235877697,0.81914893617,143,-0.27102216841786997,0.8691588785050001,208,-0.70638724522306
25210972,0.5656565656570001,10,-0.328817446717987,0.5656565656570001,26,-0.8510217172649531,0.801801801802,34,-0.016892047078942,0.844827586207,196,-0.128739703234379,0.835051546392,191,-0.25803058806476,0.891891891892,262,-0.63831432761063
25211574,0.548387096774,7,-0.34568660287004405,0.548387096774,19,-0.8717861787654521,0.8113207547169999,46,-0.019280678316663996,0.860655737705,185,-0.12295805455543901,0.808988764045,115,-0.29936285918853994,0.884615384615,313,-0.6499927291896299
25218571,0.545454545455,6,-0.346426156207322,0.459183673469,2,-0.9191230147571049,0.8157894736839999,55,-0.018547225525898006,0.837606837607,166,-0.137761734789424,0.814432989691,129,-0.28067276660567003,0.8738738738740001,318,-0.71926418814103
25218573,0.553191489362,8,-0.341377021777958,0.553191489362,20,-0.8678601676726669,0.81308411215,50,-0.018548805157079004,0.852459016393,143,-0.12448319992546601,0.811111111111,123,-0.29059709750303003,0.885714285714,283,-0.65274456675779
25218584,0.43617021276600004,4,-0.422201550806233,0.43617021276600004,14,-0.9488051126920581,0.820512820513,65,-0.018763852120838004,0.8416666666670001,180,-0.13288527322894395,0.82,151,-0.28665178354658,0.877192982456,281,-0.6887249809188102
25218593,0.587628865979,11,-0.315741807437985,0.515463917526,8,-0.8207450496922561,0.846846846847,143,-0.018910371749298,0.844262295082,117,-0.133651714436484,0.826086956522,171,-0.28923782581008,0.87619047619,324,-0.66130490177223
25218600,0.450549450549,5,-0.4108072829099771,informer,informer,informer,0.8,33,-0.019446153898514996,informer,informer,informer,0.8210526315790001,161,-0.27528855402550995,informer,informer,informer
25218601,0.431818181818,3,-0.424761673926752,informer,informer,informer,0.794392523364,28,-0.019788079101251,informer,informer,informer,0.8152173913040001,133,-0.28479838533567,informer,informer,informer
25218621,0.225,0,-0.5693843375472472,0.225,1,-1.079017011156304,0.84347826087,131,-0.016975885554380996,0.844827586207,198,-0.13073408833531094,0.8105263157889999,121,-0.29795984514908,0.901785714286,345,-0.6434989145025398
25263078,0.834951456311,100,-0.14533407097162002,0.821917808219,138,-0.5600766153383611,0.43661971831,13,-0.030337343594004994,0.8301886792450001,85,-0.134538861610989,0.8181818181820001,148,-0.30571109387318995,0.865168539326,263,-0.50762760062791
25263083,0.864077669903,190,-0.11768695944334205,0.8518518518520001,244,-0.4712384229717381,0.41176470588200004,9,-0.029505697115935,0.847619047619,131,-0.11169232408151303,0.871794871795,282,-0.24684037973288997,0.886363636364,194,-0.48271485297168015
25263087,0.863636363636,187,-0.11696395003310497,0.8521739130429999,275,-0.4478867771919861,0.366197183099,7,-0.031108427935372995,0.827272727273,77,-0.12585608456965597,0.883720930233,301,-0.23097773588578002,0.895833333333,230,-0.4473930193332699
25263088,0.8532110091740001,156,-0.12440433513659097,0.8421052631579999,178,-0.4881580157927059,0.366197183099,8,-0.031636173260557995,0.827272727273,79,-0.12630689643974197,0.8705882352940001,276,-0.24187812528068992,0.8723404255320001,137,-0.4959309364751197
25263092,0.8155339805830001,60,-0.15670039393655094,0.805555555556,146,-0.5404322226175668,0.234375,4,-0.035140136305731,0.844036697248,115,-0.113375212399218,0.8227848101270001,165,-0.30238652758707996,0.904255319149,272,-0.4610266724508999
25263099,0.8,33,-0.16960102632285595,0.790476190476,92,-0.5953375220663518,0.34328358209,6,-0.032543778753137007,0.8190476190479999,61,-0.12169940628436499,0.8026315789470001,95,-0.32008374882285995,0.8901098901100001,209,-0.5005181653312598
25263103,0.80198019802,38,-0.16562673784091503,0.80198019802,134,-0.5660143940485951,0.328358208955,5,-0.031993293566085,0.8425925925929999,113,-0.11901154669820205,0.820512820513,157,-0.28723010015539,0.891304347826,214,-0.48892763283750007
25263110,0.8317757009350001,89,-0.14781867308195196,0.821428571429,200,-0.5298818332995427,0.15873015873,1,-0.037374927212884,0.827272727273,81,-0.150843962237701,0.814814814815,131,-0.30179843380652005,0.8842105263160001,289,-0.4868597437791297
25263114,0.828571428571,86,-0.14944210692816903,0.828571428571,216,-0.515605564202419,0.131147540984,0,-0.037376096274394005,0.824074074074,69,-0.14774382780457193,0.8101265822779999,117,-0.3034203178940201,0.905263157895,314,-0.4377069150515999
25263115,0.8348623853210001,97,-0.14516901591210993,0.824561403509,224,-0.519850921116982,0.184615384615,2,-0.03685320806382399,0.8303571428569999,87,-0.14873570950293502,0.819277108434,147,-0.29572875847769003,0.897959183673,296,-0.46363741785635004
25263116,0.8348623853210001,98,-0.14255961057759794,0.824561403509,230,-0.5129532250756879,0.184615384615,3,-0.03552261779039399,0.81981981982,63,-0.145546396752237,0.833333333333,189,-0.28783828938371003,0.909090909091,331,-0.4293731717054099
25263117,0.78431372549,21,-0.177444387618129,0.78431372549,73,-0.5692303911507249,0.424657534247,12,-0.029036256060450995,0.836363636364,95,-0.11414163834754601,0.827160493827,177,-0.29091759673627,0.894736842105,227,-0.4770886673553699
25263118,0.798076923077,32,-0.16744084838679604,0.798076923077,127,-0.6012782155429279,0.53164556962,16,-0.026047052372821997,0.837837837838,101,-0.11603676687544896,0.8,110,-0.30944983068890997,0.8842105263160001,188,-0.48727174551417973
25263119,0.803738317757,43,-0.16461812706304,0.803738317757,84,-0.5983288679079721,0.41333333333300004,10,-0.029780396947288998,0.8,51,-0.15171040676937,0.807228915663,128,-0.30896313943813003,0.8877551020409999,202,-0.48877733653660005
25263120,0.823008849558,70,-0.146019199655053,0.823008849558,211,-0.5284752504064311,0.590909090909,17,-0.024013563271187997,0.8290598290600001,83,-0.10948689885053794,0.844444444444,222,-0.26069169692517,0.8823529411759999,178,-0.4737585238984501
25263123,0.813559322034,55,-0.15423914558284796,0.80487804878,140,-0.5373100065984538,0.511363636364,15,-0.026510281385271003,0.8,55,-0.16256162130480795,0.8556701030930001,244,-0.2595309736119399,0.9,254,-0.48422621864980986
25263124,0.808695652174,50,-0.15657018613786305,0.8,116,-0.5385223608117199,0.608695652174,18,-0.023447992588133,0.844262295082,119,-0.12852964607966003,0.851063829787,238,-0.25875471874009,0.8971962616820001,241,-0.48175506877225976
25263274,0.814516129032,58,-0.154398938915046,0.814516129032,181,-0.5396232031107071,0.820512820513,66,-0.020346177137047,0.847328244275,127,-0.13085460030403698,0.854368932039,243,-0.24400695628868002,0.867256637168,155,-0.55314932127201
42618163,0.894230769231,276,-0.10577258329923402,0.814814814815,87,-0.4991465187911801,0.822222222222,70,-0.019353250078727,0.855769230769,165,-0.126884632181119,0.788732394366,71,-0.34390046251542006,0.8433734939759999,67,-0.5971524752743402
42618164,0.892156862745,270,-0.10396848636394404,0.779220779221,59,-0.562447817067111,0.8314606741570001,87,-0.019812203846296,0.864077669903,203,-0.12638014386656904,0.782608695652,74,-0.34227075612559,0.7948717948720001,44,-0.6718294529901598
44329036,0.80198019802,39,-0.16292086018114005,0.780952380952,62,-0.548961169520017,0.88,251,-0.014906607735560004,0.7444444444439999,52,-0.17110589832647405,0.820512820513,158,-0.30484963774021,0.827586206897,150,-0.62714816468353
44386338,0.916666666667,335,-0.07724528215022299,0.851351351351,107,-0.45619877522780095,0.8823529411759999,266,-0.01445252268158,0.909090909091,346,-0.078670805470682,0.8805970149250001,294,-0.22523311954770991,0.851351351351,82,-0.4661819649595099
44396990,0.91,321,-0.082097701955308,0.895238095238,349,-0.339723933848158,0.876404494382,242,-0.011866696170695003,0.621951219512,21,-0.19834204127126598,0.8405797101450001,212,-0.24442543617357995,0.860759493671,267,-0.4305014822740201
44397032,0.888888888889,265,-0.09414869286902902,0.875,335,-0.34895890568531696,0.913978494624,331,-0.011271398499618994,0.7741935483869999,47,-0.13944004607682597,0.905405405405,330,-0.19272666374783992,0.876543209877,316,-0.4279980598947701
44397147,0.92,339,-0.07315814112003598,0.901234567901,345,-0.317829419204826,0.875,238,-0.011423919042481998,0.617283950617,19,-0.197333515130584,0.8550724637680001,242,-0.22884300107135996,0.8734177215189999,312,-0.4089708194868801
44397201,0.891089108911,266,-0.09325562105840599,0.8666666666670001,332,-0.3540406625663588,0.8804347826090001,255,-0.011649371341434995,0.651162790698,27,-0.19473687578682397,0.847222222222,228,-0.23067192415582993,0.879518072289,327,-0.41833187074852984
44397250,0.8969072164949999,288,-0.08889617765075905,0.893203883495,333,-0.3392985661338349,0.9111111111110001,329,-0.011303699651301995,0.766666666667,45,-0.14424021313226804,0.901408450704,322,-0.20123982767873,0.871794871795,309,-0.4311600455897898
44397453,0.911764705882,325,-0.07785905264476901,0.904761904762,340,-0.301524007897799,0.903225806452,314,-0.012650512215694,0.75,41,-0.13670598316042204,0.906666666667,334,-0.17842828095576996,0.864197530864,282,-0.40513059473473984
44397710,0.9029126213590001,305,-0.08724706944420095,0.888888888889,322,-0.35783304310085,0.8695652173909999,219,-0.013057923183267007,0.714285714286,35,-0.16371259434983004,0.88,291,-0.21643808160397998,0.880952380952,286,-0.4376283353431701
44410704,0.823008849558,71,-0.1521341731109,0.823008849558,217,-0.50585962548329,0.8190476190479999,59,-0.021057026398045995,0.8487394957979999,137,-0.12757328388564199,0.8181818181820001,139,-0.25459734757955993,0.8367346938779999,180,-0.55341594872347
44418532,0.881720430108,250,-0.10693046789559796,0.881720430108,306,-0.39641341687660697,0.855421686747,168,-0.0179271895889,0.886597938144,287,-0.08991281298770598,0.846153846154,223,-0.24429278585666991,0.910256410256,302,-0.36467787227938
44418533,0.905263157895,311,-0.08346225811743299,0.905263157895,346,-0.32697338065625603,0.8823529411759999,267,-0.015954778405763002,0.897959183673,315,-0.07678346398900703,0.897058823529,329,-0.19098060490602994,0.924050632911,337,-0.3047916490931001
44418540,0.879120879121,240,-0.102763521269614,0.879120879121,323,-0.36998578328034903,0.8375,107,-0.019304127382413997,0.8842105263160001,277,-0.08054656585287201,0.893939393939,323,-0.20079100768823002,0.9078947368420001,292,-0.3686555964222299
44418545,0.9072164948450001,316,-0.08386723460695493,0.9072164948450001,336,-0.320667629823604,0.858823529412,180,-0.016729927407063,0.865979381443,213,-0.09434164847571597,0.8840579710140001,307,-0.20227201730569994,0.925925925926,340,-0.31794081275023
44418546,0.895833333333,281,-0.09647508363210103,0.881188118812,292,-0.4078885877961711,0.831325301205,86,-0.021871586786274003,0.854166666667,151,-0.11508720308361302,0.8676470588240001,273,-0.21845011056173996,0.87012987013,247,-0.4634372456704001
44418547,0.894736842105,277,-0.09718565533594095,0.894736842105,286,-0.3976244761790121,0.8705882352940001,223,-0.020812576839300996,0.876288659794,251,-0.10919326882770405,0.8656716417910001,269,-0.2252833834447499,0.868421052632,242,-0.4545621534218001
44418555,0.894736842105,278,-0.09947239331808398,0.883116883117,287,-0.40203134670849405,0.8571428571430001,171,-0.021120570361152998,0.852631578947,145,-0.11535937350239703,0.8484848484849999,225,-0.25887135926317995,0.883116883117,244,-0.43611294924547017
44418556,0.895833333333,282,-0.09748791082467102,0.895833333333,293,-0.3906775135152591,0.858823529412,181,-0.020150289304141998,0.854166666667,153,-0.11363578968737201,0.8507462686570001,231,-0.25171943423138987,0.884615384615,248,-0.42924433776451004
44418572,0.8989898989899999,295,-0.09337240564088604,0.897058823529,310,-0.37371961659217506,0.888888888889,284,-0.017803782704164006,0.881188118812,269,-0.093229793789644,0.8571428571430001,249,-0.22401869029973995,0.90243902439,265,-0.37632443129062
44431824,0.87,212,-0.12277265642841001,0.8679245283020001,220,-0.450214092133413,0.881720430108,262,-0.032777535778486,0.8962264150939999,311,-0.07581549211660604,0.909090909091,339,-0.16193320879242998,0.880952380952,173,-0.45948032617543993
44433171,0.893203883495,272,-0.09844523477598499,0.805970149254,60,-0.43665887562980804,0.858695652174,178,-0.013955627090458996,0.8842105263160001,289,-0.10952555180400897,0.731343283582,36,-0.3323903575442,0.9080459770110001,347,-0.35224839377852984
44433173,0.88679245283,261,-0.10305068631286801,0.816901408451,126,-0.483932032964168,0.8404255319149999,116,-0.016576645928444003,0.877551020408,267,-0.116308299741048,0.728571428571,34,-0.34215376595606994,0.9,256,-0.42863042444713995
44536036,0.871559633028,216,-0.114801414631317,informer,informer,informer,0.8484848484849999,149,-0.02017276842658,informer,informer,informer,0.880952380952,297,-0.23709713489665998,informer,informer,informer
44571414,0.856,166,-0.12719316600082203,0.846153846154,179,-0.4789055550909661,0.844827586207,135,-0.020487559495979,0.85593220339,183,-0.12700710845700403,0.824742268041,169,-0.25922808699675004,0.872727272727,139,-0.5243168139071601
44571435,0.8571428571430001,169,-0.12872507926429094,0.846153846154,298,-0.4584060968542061,0.844660194175,134,-0.017328141750512997,0.834951456311,148,-0.13168098667323702,0.807228915663,107,-0.25594931800987,0.8404255319149999,204,-0.5341005172013502
44571449,0.840336134454,114,-0.13747926490972098,0.821138211382,196,-0.48130582338504396,0.827272727273,77,-0.018918188184347,0.807339449541,94,-0.13908143351319502,0.8279569892470001,179,-0.24326982293372998,0.877358490566,157,-0.54439605523632
44571453,0.844036697248,129,-0.134681243749496,0.844036697248,238,-0.45884576100518404,0.852941176471,159,-0.017517392902081,0.854368932039,236,-0.11655799168632103,0.831325301205,183,-0.22812934704145,0.86170212766,191,-0.5211797873449701
44578253,0.867346938776,200,-0.116861636069372,0.831683168317,242,-0.4470232803921629,0.85393258427,163,-0.018110385531077,0.8804347826090001,303,-0.10564897543106996,0.861111111111,257,-0.25331964100784,0.9176470588240001,320,-0.40096805177104966
44578254,0.852631578947,153,-0.12609119119768097,0.84,276,-0.435807436542859,0.863636363636,198,-0.018505639203744997,0.881188118812,271,-0.10294072358538897,0.87323943662,283,-0.23841976861257996,0.928571428571,346,-0.36123315516453014
44578255,0.877551020408,233,-0.11007617359980698,0.841584158416,282,-0.436896134329751,0.8522727272730001,157,-0.018342384143606998,0.879120879121,297,-0.10679405373818401,0.859154929577,252,-0.25594055192924997,0.916666666667,317,-0.3976111608938199
44578401,0.88,245,-0.10811619941475303,0.844660194175,294,-0.4443817092352449,0.8804347826090001,256,-0.018110827917049994,0.881720430108,281,-0.10830975057310997,0.8630136986299999,261,-0.2447777394361901,0.9058823529410001,278,-0.41568199739852985
44578425,0.88,246,-0.10869532458464903,0.855769230769,258,-0.44923242127151397,0.8804347826090001,257,-0.018985472848609998,0.881720430108,307,-0.10590334830988496,0.8630136986299999,263,-0.2447365446838201,0.9058823529410001,280,-0.40935264773169977
44578563,0.873684210526,224,-0.11341972950401902,0.86,320,-0.40074967369013004,0.873563218391,232,-0.017778461146128,0.90099009901,319,-0.08848779751896399,0.852941176471,237,-0.2505222305318301,0.9135802469140001,343,-0.3672333142489198
44578672,0.8518518518520001,151,-0.12995049513017695,0.8303571428569999,232,-0.5130515131625291,0.85,151,-0.019270804195808004,0.8163265306119999,108,-0.14212674186847807,0.8414634146340001,214,-0.2836797460771099,0.8709677419349999,184,-0.5407834748429803
44581222,0.632653061224,13,-0.28724748830988306,0.632653061224,32,-0.7423776638548769,0.8317757009350001,90,-0.017260710320007998,0.8113207547169999,102,-0.15105678728794403,0.8068181818179999,103,-0.28610906604175,0.85,231,-0.6143329804974399
44581245,0.24675324675299998,1,-0.5585941419830021,0.24675324675299998,7,-1.0593675399349332,0.833333333333,91,-0.017270418762405003,0.824074074074,122,-0.142135745433834,0.7816091954019999,61,-0.33295538489831,0.873786407767,315,-0.6570856557188199
44581765,0.35802469135799997,2,-0.4822131255121951,0.35802469135799997,13,-0.978893523576277,0.8518518518520001,155,-0.014144385662048998,0.798076923077,84,-0.14575375056367498,0.776470588235,53,-0.3621796750677199,0.8367346938779999,183,-0.67805058690997
44587530,0.823008849558,72,-0.15555772479137497,0.813559322034,170,-0.544313227851386,0.841121495327,120,-0.019036315285437,0.808695652174,53,-0.14984007088987297,0.790697674419,94,-0.33792165838168,0.824742268041,141,-0.57494147539575
44589696,0.8962264150939999,284,-0.10294860584531307,0.872727272727,330,-0.41047015748643895,0.875,239,-0.012287754307143,0.802197802198,73,-0.16170527315694805,0.7945205479449999,83,-0.27135470293046005,0.833333333333,165,-0.51152022875891
44593640,0.875,227,-0.112335458036305,0.841121495327,278,-0.444091317463361,0.863157894737,196,-0.018145602909562998,0.864583333333,261,-0.119863148604217,0.8571428571430001,251,-0.25302104790446994,0.898876404494,305,-0.43789830209071995
449054,0.882978723404,254,-0.10764380327149402,0.821917808219,105,-0.44783033171869413,0.896551724138,299,-0.012339498276807996,0.845238095238,200,-0.13010069686386802,0.618181818182,8,-0.4039141692342399,0.821917808219,132,-0.53973965430659
453216,0.8314606741570001,88,-0.13378203717326695,0.8314606741570001,253,-0.39787275181457493,0.9204545454549999,337,-0.015955100540986998,0.883720930233,312,-0.088943205380424,0.828125,178,-0.24556357546578997,0.910256410256,338,-0.38850245177061005
5034,0.927835051546,346,-0.062205370306482016,0.785714285714,53,-0.520068149795816,0.9204545454549999,338,-0.011622084129307,0.941176470588,349,-0.058601893602064,0.8805970149250001,296,-0.18483080809488994,0.785714285714,38,-0.5335721307842399
53239955,0.878787878788,238,-0.10456347442251299,0.7894736842110001,42,-0.6240683587785949,0.8666666666670001,210,-0.015494461152756996,0.915094339623,341,-0.08682312787789605,0.861111111111,258,-0.23852921236164995,0.7894736842110001,41,-0.5788852632649599
53239967,0.92523364486,342,-0.06797461919250299,informer,informer,informer,0.9072164948450001,320,-0.012610273680243998,informer,informer,informer,0.883116883117,304,-0.22232747091173996,informer,informer,informer
53239978,0.915887850467,333,-0.07386761927990497,0.817073170732,70,-0.49136170371990995,0.8969072164949999,302,-0.014269025082862999,0.909090909091,331,-0.085189884082517,0.884615384615,310,-0.19576401501064,0.817073170732,50,-0.52955075915722
53239984,0.8,34,-0.16323920175920897,0.8,128,-0.500403013896378,0.794117647059,27,-0.019125148446472,0.8518518518520001,217,-0.12680304419235094,0.816091954023,142,-0.31407854103934996,0.87,300,-0.5015763087422799
53239985,0.794392523364,26,-0.166736785715528,0.794392523364,109,-0.5149273539343961,0.787878787879,25,-0.019613600257877,0.847619047619,199,-0.13023848219721101,0.8095238095239999,130,-0.31856548094962,0.865979381443,291,-0.51626841996092
53239988,0.6116504854370001,12,-0.303197762916972,0.611111111111,31,-0.814851378878254,0.824561403509,74,-0.017640171831435,0.7837837837839999,70,-0.16377702575451203,0.8,87,-0.30240123014895004,0.8301886792450001,156,-0.6992362555699599
5329404,0.9069767441859999,315,-0.13382611757696805,0.8805970149250001,281,-0.358445013089133,0.910256410256,327,-0.011955772091529003,0.853333333333,222,-0.11378434335398496,0.375,7,-0.48700830831600994,0.828125,153,-0.50350682640031
5329489,0.894736842105,279,-0.10003284575341398,0.8369565217389999,141,-0.5176996657083941,0.864077669903,201,-0.017349079113465,0.865384615385,229,-0.12375125191795203,0.845238095238,221,-0.26039218205146003,0.811111111111,107,-0.6088082276264201
5329801,0.8777777777779999,235,-0.11309753809302805,0.803571428571,48,-0.48414720938862604,0.864197530864,203,-0.013953923062299999,0.8709677419349999,233,-0.12046653765854505,0.714285714286,18,-0.35425956549961,0.876712328767,284,-0.45200165758106
5329802,0.865168539326,192,-0.13177783270836402,0.7818181818179999,18,-0.526307054262393,0.835443037975,97,-0.016028288485557,0.858695652174,177,-0.12891357496480998,0.714285714286,20,-0.41412535581694,0.891891891892,334,-0.4293535774319398
5329829,0.8348623853210001,99,-0.14576569537866893,informer,informer,informer,0.82,62,-0.018367567410029,informer,informer,informer,0.833333333333,190,-0.29282941316908,informer,informer,informer
5329831,0.855855855856,164,-0.12981757567076702,0.854700854701,213,-0.503711107230651,0.854368932039,166,-0.018945252853357,0.7979797979800001,82,-0.165866083508218,0.860465116279,254,-0.26295721528497995,0.7727272727269999,93,-0.6604924068242302
5329849,0.891304347826,267,-0.14377812212863,0.891304347826,321,-0.39596861563343205,0.8928571428569999,289,-0.013796041087191003,0.8101265822779999,96,-0.143900434973256,0.413043478261,9,-0.48877449640885,0.7794117647059999,96,-0.56554744431296
5329850,0.893617021277,273,-0.13001959944188798,0.712121212121,45,-0.6057527543636629,0.8953488372089999,297,-0.013461512688536001,0.8571428571430001,242,-0.11919228393356897,0.5,17,-0.4359764303760899,0.731343283582,32,-0.7648655238614198
5329853,0.8426966292129999,122,-0.19077672850830307,0.830508474576,168,-0.545315815478514,0.83950617284,113,-0.015305293246241004,0.8414634146340001,176,-0.14972298326464994,0.27906976744199996,3,-0.61961797331442,0.849315068493,228,-0.51105595705074
5329855,0.8061224489800001,46,-0.19690428305222296,0.8061224489800001,151,-0.5821138082950801,0.813186813187,51,-0.016706015037598,0.8691588785050001,227,-0.12101879288111601,0.456140350877,11,-0.49547366909069,0.873563218391,142,-0.54611734209895
5329857,0.82,63,-0.17360594172141705,0.82,187,-0.564860265841124,0.8279569892470001,79,-0.016320700210937997,0.854166666667,230,-0.131218958835355,0.609375,29,-0.4205348893314901,0.875,146,-0.55286712080057
5329860,0.82,64,-0.17914696353111006,0.82,174,-0.6092835980733861,0.8279569892470001,80,-0.016036590586228,0.854166666667,232,-0.13395414204804001,0.564516129032,19,-0.4452730911190201,0.862068965517,148,-0.5708024224589201
5329861,0.7731958762890001,15,-0.20944074071685792,0.7731958762890001,43,-0.619072894029566,0.829787234043,84,-0.017030140868737997,0.8556701030930001,239,-0.12873157622307196,0.5714285714289999,21,-0.42361173451786,0.876404494382,152,-0.5787551188072901
5329868,0.79,23,-0.197896241187021,0.79,91,-0.6102028572097039,0.8210526315790001,68,-0.018695000000000996,0.863636363636,201,-0.125926294665802,0.584615384615,27,-0.42848449266160005,0.8666666666670001,121,-0.5792827168610698
5329875,0.794117647059,25,-0.19514458679736602,0.794117647059,103,-0.5824683018622909,0.824742268041,75,-0.017271849859975996,0.85,167,-0.13621474085555801,0.575757575758,23,-0.4492074649747399,0.8695652173909999,175,-0.56599208902122
5482344,0.876404494382,229,-0.11089933297265203,informer,informer,informer,0.848101265823,148,-0.014180245971420001,informer,informer,informer,0.796610169492,106,-0.2818543355118299,informer,informer,informer
56603966,0.862903225806,185,-0.11254513710576801,0.834645669291,260,-0.40405141842413694,0.8521739130429999,156,-0.013921324467921,0.489583333333,11,-0.205792988836916,0.9019607843140001,335,-0.18150924251009004,0.910714285714,304,-0.4266957834601799
56603973,0.859375,174,-0.12204503881453502,0.8582089552240001,191,-0.47542553117521896,0.808695652174,41,-0.018678504711852,0.790322580645,49,-0.15399660502157198,0.864077669903,267,-0.23037060116947,0.87610619469,151,-0.5250298733889901
56603975,0.8267716535430001,82,-0.14785408296862995,0.809160305344,164,-0.499477602287888,0.8235294117649999,72,-0.021211044340280004,0.823076923077,67,-0.139804879783861,0.8235294117649999,167,-0.2612188579123901,0.888888888889,203,-0.5175429366033901
56603980,0.820754716981,65,-0.147832489713587,0.788990825688,86,-0.521999250297017,0.873786407767,235,-0.015810393780500996,0.8181818181820001,110,-0.13483689794812298,0.8571428571430001,248,-0.2663926593057699,0.895833333333,232,-0.5104692800984101
56603987,0.828828828829,87,-0.142127392096499,0.828828828829,202,-0.536656493258783,0.8365384615379999,99,-0.016208791900425006,0.792079207921,76,-0.16460940133918203,0.825581395349,168,-0.27159593894353995,0.831578947368,160,-0.6084767910337099
56603995,0.861788617886,183,-0.11309908996979899,0.8425196850390001,296,-0.3929251060257118,0.8407079646019999,118,-0.013938874436111002,0.484210526316,9,-0.207822950156716,0.90099009901,333,-0.18327753386001,0.90990990991,329,-0.40973070825294977
56603997,0.833333333333,92,-0.13608500689340403,0.833333333333,254,-0.5060739989817632,0.864077669903,202,-0.016103244730892002,0.865384615385,272,-0.11481103214401699,0.802469135802,118,-0.30983205931223,0.873684210526,239,-0.5027444161554901
56604000,0.839285714286,110,-0.13458826154951004,0.8290598290600001,203,-0.502701866909437,0.8365384615379999,100,-0.016935220543256004,0.803921568627,90,-0.15864996883678195,0.83908045977,204,-0.25702628839091995,0.831578947368,161,-0.60259298441072
56604005,0.880341880342,248,-0.10076316380084,0.8688524590160001,338,-0.35590022130790405,0.838095238095,108,-0.013670146708433,0.516483516484,15,-0.196182649029102,0.891304347826,321,-0.18977180372836,0.923076923077,335,-0.3689890767325801
56604006,0.826923076923,83,-0.15596258163320595,0.826923076923,214,-0.569717756298648,0.7978723404260001,32,-0.017092741449834997,0.8648648648649999,211,-0.13492771589778604,0.7432432432430001,43,-0.32644600461356,0.8804347826090001,170,-0.5273738609733196
56604013,0.860655737705,178,-0.11396181136968599,0.84126984127,284,-0.41289437814314994,0.859649122807,184,-0.013251433068970999,0.494736842105,13,-0.205546815374412,0.9,331,-0.18517509427832002,0.909090909091,298,-0.41794166078711
56604020,0.8,35,-0.17070952899127595,0.8,76,-0.677204718538779,0.820224719101,63,-0.016104887937213,0.895833333333,329,-0.10855184611447999,0.768115942029,49,-0.32036648973447995,0.827160493827,56,-0.60053098241908
56604024,0.821428571429,67,-0.14999240923852497,0.821428571429,199,-0.47214142328806497,0.828571428571,82,-0.01793848634237,0.817391304348,59,-0.15060962521847998,0.816091954023,144,-0.31813453304198,0.858585858586,261,-0.4895384796683401
56604030,0.849557522124,144,-0.13232993882470395,0.8487394957979999,130,-0.5505208836695349,0.8365384615379999,101,-0.020755724338494,0.8490566037739999,159,-0.13432036057036703,0.8522727272730001,240,-0.2543990334066399,0.8556701030930001,94,-0.5578208343279499
56604034,0.8780487804880001,236,-0.10491929560494397,informer,informer,informer,0.8165137614679999,57,-0.016566258918394,informer,informer,informer,0.8877551020409999,314,-0.20778592358441003,informer,informer,informer
56604044,0.783505154639,19,-0.18111252861609703,0.783505154639,61,-0.601243693963411,0.8279569892470001,81,-0.014048013374810996,0.865979381443,276,-0.12619175370413196,0.780821917808,59,-0.2901656841253199,0.875,200,-0.5217540960418598
56604049,0.824817518248,78,-0.143255471734557,0.824817518248,235,-0.5052990219231831,0.8125,49,-0.017184208130277004,0.821428571429,65,-0.150649574384772,0.890756302521,319,-0.20419556895096996,0.8640000000000001,212,-0.53774701364587
56657596,0.9130434782610001,328,-0.08436959074701796,0.890756302521,324,-0.32939409750721604,0.895238095238,294,-0.01479204059417,0.885714285714,318,-0.10062364186116302,0.8,112,-0.28708581126665,0.9072164948450001,348,-0.3176699738682399
56667992,0.925925925926,345,-0.07265380268111801,0.802469135802,64,-0.525112647399929,0.908163265306,324,-0.015496915478528998,0.886597938144,326,-0.09816449268222399,0.84,208,-0.26348711303652994,0.802469135802,46,-0.6063052176367401
56667993,0.9074074074070001,317,-0.08206734175320693,0.883928571429,339,-0.353811662105159,0.920792079208,339,-0.013813729478499999,0.865979381443,278,-0.09876697098879297,0.7972972972969999,108,-0.26478522727692,0.875,321,-0.40989587741362005
56681565,0.8971962616820001,292,-0.08773479550559696,0.7625,46,-0.5668970924920491,0.8989898989899999,307,-0.015974896298459003,0.9009009009010001,317,-0.08887317648634802,0.8289473684209999,180,-0.24981580945223003,0.7625,34,-0.6354169174471
57390087,0.871794871795,217,-0.113376641233043,0.822916666667,71,-0.5371452267262828,0.881818181818,264,-0.019883372686312,0.8518518518520001,220,-0.12143792877532097,0.8426966292129999,216,-0.28780158842071,0.822916666667,52,-0.6140002589602499
57391091,0.84347826087,126,-0.13511767896292903,0.8235294117649999,218,-0.5064895570594841,0.862385321101,190,-0.016284803396792,0.78640776699,72,-0.16479571872921,0.8695652173909999,279,-0.23179639349176007,0.824742268041,144,-0.60270545790734
57391092,0.842975206612,123,-0.13673865066794502,0.814516129032,182,-0.5614078712261961,0.8407079646019999,119,-0.020742484337504002,0.788990825688,74,-0.16356436797718898,0.878787878788,292,-0.23905199380479997,0.87962962963,167,-0.54963923913836
57391093,0.8984375,293,-0.099872124223609,0.8490566037739999,166,-0.4705818476102301,0.8421052631579999,124,-0.022260130526571005,0.84347826087,186,-0.133800341965175,0.8210526315790001,163,-0.29280736710085986,0.87037037037,128,-0.5102106501214999
57391094,0.8861788617890001,260,-0.11159349709012997,0.831683168317,119,-0.48696037948375204,0.8571428571430001,172,-0.023602229647432995,0.868421052632,241,-0.11990390633686501,0.7727272727269999,51,-0.31890708479836005,0.854368932039,89,-0.5261828874716399
57391095,0.8671875,199,-0.122683164868463,0.833333333333,129,-0.4866035215124592,0.8666666666670001,211,-0.022141540659349992,0.8677685950409999,235,-0.11877380909548106,0.791666666667,75,-0.29181820233485,0.8648648648649999,110,-0.5347943286921402
57391096,0.8421052631579999,120,-0.14183663397400303,informer,informer,informer,0.8058252427179999,38,-0.020883724489479,informer,informer,informer,0.816091954023,146,-0.31169796068797995,informer,informer,informer
57391097,0.8666666666670001,196,-0.11808523518864794,0.8652482269499999,185,-0.470676363822684,0.8387096774189999,110,-0.017530772162299,0.821138211382,97,-0.14969841886663596,0.862385321101,259,-0.2335963321679801,0.834782608696,145,-0.5749150695735702
57391875,0.896551724138,285,-0.091747463330952,0.884297520661,342,-0.3331793523704131,0.855769230769,169,-0.012957679472593998,0.409638554217,5,-0.23414876960976405,0.887640449438,313,-0.20985800632095997,0.8989898989899999,339,-0.3608102379743601
57392873,0.824742268041,77,-0.15468511133911697,0.824742268041,111,-0.587799091786813,0.846153846154,139,-0.019539676214775998,0.752941176471,56,-0.184272716771093,0.8356164383560001,196,-0.30558061878476994,0.7162162162160001,78,-0.8049835681455498
57393604,0.8404255319149999,116,-0.13871358212085808,0.767123287671,52,-0.623986221707383,0.9010989010989999,309,-0.017891284735181,0.865168539326,268,-0.11522921387122895,0.8405797101450001,205,-0.3099717080972599,0.7837837837839999,37,-0.7512212511182901
57394599,0.8691588785050001,208,-0.12428490415818697,0.8082191780820001,66,-0.5459581956141879,0.868686868687,217,-0.021379155666870008,0.8738738738740001,247,-0.11930296183571099,0.820512820513,160,-0.29906624559566,0.85393258427,166,-0.53878131945038
57394600,0.883495145631,255,-0.10640418319472605,0.883495145631,291,-0.3583256871720989,0.8842105263160001,274,-0.012943143951743,0.8369565217389999,162,-0.12875966680833004,0.716417910448,24,-0.35110050032261997,0.8571428571430001,258,-0.4366907603652198
57394601,0.901639344262,301,-0.09968694743036402,0.8383838383840001,143,-0.4863307283397021,0.8532110091740001,160,-0.021052591663696996,0.8688524590160001,223,-0.12090650379895398,0.793103448276,81,-0.32359800594233,0.8613861386139999,106,-0.5138654068751101
57394602,0.8699186991869999,211,-0.12265420423209306,0.846153846154,159,-0.49119128309797894,0.7962962962960001,31,-0.024989356338769,0.798165137615,86,-0.15581532341530901,0.777777777778,57,-0.31617910436118,0.8679245283020001,122,-0.5259217477895197
57395310,0.7830188679250001,18,-0.18037130943444996,0.7747747747750001,55,-0.6729080655185249,0.846153846154,140,-0.014804955620302998,0.8365384615379999,158,-0.13947892646818305,0.7951807228919999,104,-0.3293768169222401,0.8421052631579999,116,-0.65317475904658
57395317,0.8828125,253,-0.10846793128093501,0.8518518518520001,112,-0.503527422770216,0.834782608696,94,-0.020919901285648,0.8362068965520001,156,-0.13801326634057598,0.8125,134,-0.30281573906385,0.8518518518520001,83,-0.5707636728804798
57396350,0.873949579832,225,-0.11785782473432405,0.8505747126440001,234,-0.45935644768556494,0.8425925925929999,128,-0.022015594602180003,0.8545454545450001,179,-0.13204689005385295,0.8709677419349999,278,-0.24367650539128002,0.883495145631,275,-0.45775156101779
57396351,0.8691588785050001,209,-0.12488200684457897,0.8082191780820001,72,-0.5279257982876459,0.8571428571430001,173,-0.021408652281115,0.8738738738740001,249,-0.11817030902615698,0.835443037975,194,-0.28085778422615004,0.85393258427,215,-0.51641998970936
57396352,0.8613861386139999,181,-0.13494741880190705,0.791044776119,24,-0.563486334032436,0.835164835165,95,-0.022721624897353,0.844660194175,121,-0.13104879534237102,0.805555555556,126,-0.32937208870641,0.8571428571430001,187,-0.5348527985554998
57396353,0.826086956522,80,-0.15069935592473602,informer,informer,informer,0.822429906542,71,-0.017896547659719,informer,informer,informer,0.835164835165,193,-0.26479214196386,informer,informer,informer
57398144,0.845454545455,132,-0.14025290049072903,0.786516853933,75,-0.622640421728275,0.831683168317,88,-0.015843377558063,0.7731958762890001,64,-0.17164186678447696,0.819277108434,149,-0.29822749980394997,0.758620689655,55,-0.7980212761432899
57398145,0.8421052631579999,121,-0.13485132235090105,0.831932773109,221,-0.5126436411630702,0.871559633028,225,-0.015825034838641,0.747474747475,54,-0.17889619079827304,0.8804347826090001,293,-0.22241362357212993,0.822916666667,138,-0.62667898073856
57398146,0.870229007634,214,-0.11876253058656999,0.8432835820899999,308,-0.44344039969820714,0.851239669421,154,-0.017565681512208997,0.689655172414,31,-0.19511787932402402,0.855769230769,245,-0.25257877369088,0.837837837838,195,-0.52148772078243
57398147,0.846846846847,135,-0.13589914563633904,0.8404255319149999,82,-0.5792749168735991,0.833333333333,92,-0.021437180888263997,0.8571428571430001,189,-0.131455204361979,0.875,286,-0.25436742356284,0.8404255319149999,62,-0.5765102269441402
57398148,0.838095238095,106,-0.15274584892505003,0.827272727273,215,-0.5532232022545529,0.7717391304350001,22,-0.018938393029075996,0.8125,104,-0.164735576782473,0.7260273972600001,35,-0.34464193665234993,0.816091954023,123,-0.6191907844500197
57398149,0.777777777778,16,-0.18587957686091106,0.777777777778,49,-0.6074616027418861,0.83908045977,111,-0.020941941431747997,0.756097560976,58,-0.17941322187755301,0.842857142857,220,-0.28895821537843003,0.7,75,-0.8158929587023801
57398150,0.863636363636,188,-0.10842678553278698,0.8421052631579999,290,-0.36916801669182997,0.895238095238,295,-0.012609661999859998,0.722772277228,39,-0.13654377806319104,0.933333333333,346,-0.15865744190673003,0.918367346939,323,-0.36262136850519006
57398151,0.900826446281,299,-0.10174332860991603,0.8367346938779999,135,-0.4898299540986091,0.862385321101,191,-0.022871996434542997,0.8677685950409999,219,-0.12110457489220702,0.776470588235,55,-0.33898046834922996,0.86,100,-0.5173604808623
57398152,0.901639344262,302,-0.09871928503495202,0.826530612245,101,-0.5102717949820551,0.8532110091740001,161,-0.020444983436475994,0.8688524590160001,225,-0.12299208662297,0.8068181818179999,105,-0.32913901821255004,0.85,79,-0.5420808623188401
57398153,0.850393700787,145,-0.13167325021887696,0.8320610687019999,155,-0.5048140628660271,0.858333333333,175,-0.021309193309412,0.8549618320610001,163,-0.12221181630186097,0.8181818181820001,141,-0.2721681779826799,0.866071428571,119,-0.5403943876833801
57398154,0.868686868687,204,-0.13044837451338503,0.78125,12,-0.615943864059733,0.8023255813950001,35,-0.019177947235056995,0.8695652173909999,243,-0.13300886680625704,0.7424242424240001,41,-0.39434173404945994,0.865853658537,115,-0.5572276886730199
57398861,0.8095238095239999,51,-0.15635291918200706,0.7547169811319999,44,-0.5548203900535542,0.8163265306119999,56,-0.019690506242648002,0.841584158416,133,-0.13561702092154299,0.883720930233,303,-0.24228766897563997,0.8842105263160001,233,-0.5466967097051301
57398866,0.914285714286,329,-0.08539870757144499,0.869047619048,226,-0.39574148760903505,0.858695652174,179,-0.016614960860016004,0.8842105263160001,291,-0.10756584789723198,0.731343283582,38,-0.35459531658573,0.8823529411759999,179,-0.45724331180424016
57398867,0.92523364486,343,-0.07554890328360897,0.9009009009010001,328,-0.3554672994746819,0.8723404255320001,227,-0.015103742453087994,0.885416666667,316,-0.102842115394701,0.837837837838,200,-0.26203137605404997,0.896551724138,299,-0.39363635895546
57399799,0.859813084112,176,-0.13316153712749504,0.810810810811,96,-0.555243293672095,0.84693877551,146,-0.022497260601600004,0.8545454545450001,155,-0.13301461519939597,0.8227848101270001,164,-0.2988171028050399,0.855555555556,172,-0.5449165208865798
57399800,0.858333333333,171,-0.12928027568580203,0.8387096774189999,183,-0.4670601272365551,0.846846846847,144,-0.018899970494405997,0.848214285714,210,-0.124221821101472,0.786516853933,65,-0.29694789125563004,0.88679245283,197,-0.5027336491116101
57399801,0.929203539823,348,-0.06554194002811402,0.45454545454499995,9,-0.7872297475930271,0.891089108911,285,-0.013839288051168,0.9130434782610001,339,-0.09451519064955693,0.9176470588240001,343,-0.2188980128175199,0.657894736842,11,-0.84284967694963
57399802,0.8484848484849999,138,-0.12350630439287805,0.847619047619,277,-0.42184994525702313,0.894736842105,293,-0.013545584195337,0.847826086957,208,-0.11682222218284898,0.819444444444,150,-0.28876527186953,0.855421686747,246,-0.49671414498245986
57399803,0.9126213592229999,327,-0.07850085787037807,0.885714285714,300,-0.36401886764503205,0.9157894736839999,333,-0.016160273032247006,0.862745098039,193,-0.09433823719960699,0.8142857142859999,138,-0.2521948014963,0.879518072289,326,-0.3922647358502599
57399804,0.90625,312,-0.09207947860260601,0.8730158730159999,270,-0.3622577925324072,0.896551724138,300,-0.016921419918699998,0.864583333333,205,-0.10463531381127905,0.7741935483869999,62,-0.3214117075567301,0.853333333333,243,-0.39298050177977006
57399805,0.896551724138,286,-0.09245566234722101,0.853658536585,246,-0.398916618967494,0.8981481481479999,303,-0.015608622998984004,0.8679245283020001,273,-0.11769937562575797,0.7625,54,-0.28860856515736005,0.864583333333,285,-0.39139310815306005
57400541,0.843137254902,124,-0.13572459974472,0.8317757009350001,207,-0.49321729392369895,0.8152173913040001,53,-0.019674830743381992,0.8043478260870001,75,-0.15849495800256896,0.844155844156,215,-0.26496253535838005,0.862068965517,257,-0.52705603436231
57400542,0.919191919192,338,-0.07427097435824297,0.903846153846,348,-0.3031524733779609,0.873563218391,233,-0.015183752833650995,0.911764705882,335,-0.07598988955100702,0.885714285714,312,-0.20872663733987998,0.926829268293,344,-0.3130099891494598
57400544,0.904255319149,306,-0.12988127969714297,0.88,269,-0.4071710621674379,0.9069767441859999,318,-0.012990712144402002,0.8414634146340001,178,-0.12639721705042997,0.458333333333,13,-0.47704255781621996,0.849315068493,229,-0.4895853966299199
57400545,0.8163265306119999,61,-0.1580585808008691,0.794117647059,104,-0.5365135562029472,0.811111111111,45,-0.019646280865782,0.813186813187,106,-0.14428443544472697,0.8082191780820001,111,-0.31228903908272,0.8977272727269999,245,-0.5055667298649003
57401572,0.855855855856,165,-0.12947684671567303,0.855855855856,190,-0.49873788626067295,0.808080808081,40,-0.021731547616825997,0.8407079646019999,107,-0.132481325231058,0.860465116279,256,-0.25212175248854996,0.875,149,-0.4744897562089099
57401573,0.859813084112,177,-0.11170758284393703,0.8584070796459999,316,-0.39072850635966305,0.892156862745,287,-0.013644430028902001,0.714285714286,37,-0.13613323377013103,0.918604651163,344,-0.17622526221845994,0.904255319149,274,-0.39507244906883004
57401574,0.892156862745,271,-0.10560593497157504,0.8101265822779999,77,-0.5286013319286852,0.881720430108,263,-0.016835945923914,0.846153846154,206,-0.131998390441251,0.816901408451,137,-0.29463301124705,0.83950617284,61,-0.6213728242335101
57401575,0.837837837838,104,-0.136948641402317,0.837837837838,154,-0.497673387850827,0.846153846154,141,-0.018476847804767,0.8691588785050001,286,-0.10990755092639398,0.863636363636,265,-0.24853877092632998,0.865979381443,118,-0.5387773720220799
57403316,0.863636363636,189,-0.11963450082471698,0.8602150537630001,195,-0.4921508341116449,0.862745098039,193,-0.016027269217763998,0.8181818181820001,112,-0.15212754502623296,0.883720930233,305,-0.22936811541188998,0.822222222222,135,-0.5918572987992798
57403317,0.868421052632,202,-0.124835878827175,0.8414634146340001,210,-0.49448097670061997,0.8235294117649999,73,-0.024074685122555,0.853448275862,149,-0.132262946925205,0.8505747126440001,236,-0.27357693736784994,0.888888888889,205,-0.48205312773467013
57403318,0.8217821782179999,69,-0.14949850797152606,0.8217821782179999,177,-0.5222673749022471,0.8421052631579999,125,-0.018909051881923003,0.839622641509,105,-0.130725494721293,0.714285714286,22,-0.36150045626642,0.837209302326,189,-0.5465475828721001
57403319,0.877049180328,230,-0.11575221067216397,0.8571428571430001,219,-0.43668675444431193,0.8571428571430001,174,-0.019144600554465,0.8584070796459999,244,-0.11895871592351803,0.786516853933,67,-0.29733742303785,0.88679245283,199,-0.4855722778566801
57403320,0.835164835165,102,-0.13160983308018004,0.835164835165,265,-0.39088632819565505,0.922222222222,341,-0.016017463762293002,0.886363636364,320,-0.088351359049793,0.833333333333,192,-0.24561672501270002,0.9125,341,-0.38040319102940007
5793317,0.8989898989899999,296,-0.08651388980050506,0.47457627118600004,16,-0.837005583895978,0.924731182796,345,-0.011046365449877003,0.8901098901100001,330,-0.102249649346715,0.904109589041,324,-0.2738700512428299,0.65671641791,10,-0.8595577099550399
579429,0.849462365591,142,-0.13039463321222203,0.849462365591,172,-0.44058540140243707,0.898876404494,304,-0.02904895509073,0.911764705882,337,-0.068287590216913,0.9459459459460001,348,-0.1373091744311999,0.871794871795,133,-0.4681804064185999
599038,0.9157894736839999,332,-0.0792383281598181,0.9,329,-0.338293521246973,0.853658536585,162,-0.013236805332896997,0.61038961039,17,-0.190448443013226,0.861538461538,260,-0.24877318494263,0.88,301,-0.42958617964309004
6518526,0.7979797979800001,31,-0.17722829284053995,0.7979797979800001,121,-0.5948621495717219,0.8043478260870001,36,-0.016275770618306,0.867346938776,275,-0.136679237050991,0.732394366197,37,-0.33615936373236,0.876404494382,206,-0.5177626115552301
6539046,0.885416666667,257,-0.09984629329539499,0.6461538461540001,17,-0.7517874063030578,0.898876404494,305,-0.014184406594136997,0.9,321,-0.097784928664182,0.885714285714,309,-0.25378005749937993,0.666666666667,13,-0.8187193978379397
6539049,0.908256880734,320,-0.083807858028554,0.529411764706,22,-0.7578757875391409,0.932038834951,349,-0.012710719447175,0.878787878788,308,-0.10470235220941698,0.860759493671,255,-0.29085606052823,0.6842105263160001,14,-0.8269960462863299
6539056,0.904761904762,309,-0.08307615515420098,0.426229508197,3,-0.865285753503956,0.918367346939,335,-0.012100648694654,0.9181818181820001,347,-0.09120663657786897,0.911392405063,340,-0.22606772347497,0.628571428571,5,-0.87566737611909
6539075,0.9019607843140001,303,-0.08412233884025096,0.5,4,-0.895340323402461,0.927083333333,348,-0.012084138596686,0.905263157895,344,-0.08520379280701201,0.9078947368420001,337,-0.21594378671533995,0.5,1,-1.10505623852971
6539081,0.8691588785050001,210,-0.10943529854361797,0.56338028169,5,-0.8459563162786341,0.88,252,-0.016088127729883002,0.8938053097349999,301,-0.098322802698746,0.904761904762,328,-0.22124067297931993,0.56338028169,2,-0.9988694599911501
6539085,0.896551724138,287,-0.09068125038222301,0.565789473684,28,-0.7558149372737669,0.8878504672900001,282,-0.01425739021197,0.888888888889,328,-0.10390036500954501,0.887640449438,315,-0.25727536044638,0.6867469879520001,17,-0.8031360690258098
6539086,0.887931034483,264,-0.09481959938130399,0.5714285714289999,39,-0.7354676058528222,0.878504672897,246,-0.014961443539943005,0.8691588785050001,288,-0.11784551213293398,0.9130434782610001,341,-0.24222493883345994,0.7209302325579999,29,-0.7801759830374102
6539087,0.891891891892,268,-0.09151818577316699,0.514285714286,21,-0.7739926525040661,0.893203883495,290,-0.016630066437891,0.894230769231,327,-0.10514100802554402,0.9069767441859999,336,-0.24775607970192004,0.7,20,-0.7942246421591099
6539089,0.891891891892,269,-0.091054948407291,0.575342465753,29,-0.7499552596938792,0.8823529411759999,268,-0.015539028023313,0.894230769231,309,-0.10566732512390106,0.919540229885,345,-0.2367642803212701,0.7,22,-0.75477854524961
6539093,0.88,247,-0.099761284179801,0.52380952381,27,-0.7830682049982081,0.904255319149,317,-0.011427464374602996,0.893617021277,334,-0.10075090753751298,0.8933333333329999,318,-0.25682991163027,0.69014084507,19,-0.78665354641574
6539097,0.91,322,-0.08058753344511198,0.5245901639339999,33,-0.726795941471825,0.924731182796,346,-0.011821699679407003,0.902173913043,340,-0.097164065118016,0.904109589041,326,-0.25521334353113995,0.714285714286,26,-0.7399832141782
6539099,0.9,298,-0.08645909383927299,0.532258064516,34,-0.784153933691599,0.925531914894,347,-0.012188110129500994,0.903225806452,342,-0.09342183701129897,0.905405405405,332,-0.26341284539196996,0.7,23,-0.75332529613847
6539107,0.92523364486,344,-0.06797461919250299,informer,informer,informer,0.9072164948450001,321,-0.012610273680243998,informer,informer,informer,0.883116883117,306,-0.22232747091173996,informer,informer,informer
6539108,0.915094339623,330,-0.079297104108798,informer,informer,informer,0.9072164948450001,322,-0.012629504342806994,informer,informer,informer,0.868421052632,272,-0.28926960750047,informer,informer,informer
6539364,0.868686868687,205,-0.12905050337232704,0.865853658537,225,-0.534826596219839,0.89247311828,288,-0.011700415226403,0.44776119403000003,4,-0.346342999559229,0.830985915493,186,-0.28235174740018,0.396551724138,6,-1.1347453278495299
6539369,0.872549019608,220,-0.126372890170746,0.8705882352940001,243,-0.5342252562586,0.9072164948450001,323,-0.011126221353176995,0.426470588235,0,-0.351299929274538,0.837837837838,195,-0.28087816736815996,0.372881355932,3,-1.1717077301612
6539382,0.872727272727,222,-0.125068560219246,0.860869565217,325,-0.4826395912569921,0.814432989691,52,-0.015235554456889002,0.53164556962,12,-0.308291446679461,0.827160493827,176,-0.28924926754787,0.521126760563,27,-0.9451311013469902
6539385,0.826923076923,84,-0.16282213724892797,0.826923076923,247,-0.581608988310192,0.8105263157889999,43,-0.015343580391491004,0.538461538462,16,-0.31058286289691006,0.776315789474,68,-0.34351881057172995,0.507246376812,21,-0.98545216879452
6539390,0.845454545455,133,-0.144980773452005,0.834782608696,266,-0.556279725898253,0.7959183673469999,30,-0.014669571415565,0.583333333333,28,-0.29491682417963205,0.79012345679,92,-0.32159414349706,0.615384615385,48,-0.83718420300028
6539397,0.87962962963,243,-0.123571646149501,0.87962962963,337,-0.43525952691786296,0.8453608247419999,137,-0.015011900016524003,0.5324675324679999,14,-0.29680057600484,0.805194805195,97,-0.32606701141153005,0.5,18,-0.94879570687293
6539409,0.8317757009350001,90,-0.14776379225312494,0.8317757009350001,201,-0.560677591062368,0.895238095238,296,-0.013473639890589001,0.607142857143,32,-0.254486344622266,0.8,114,-0.3068337010068099,0.605263157895,36,-0.9137373675616001
6539411,0.8545454545450001,159,-0.14074812029117695,0.85,228,-0.57464146537881,0.8061224489800001,39,-0.01585316808139,0.595238095238,30,-0.27588444913135707,0.7066666666670001,14,-0.38451752828804,0.592105263158,33,-0.8826088309702399
6539412,0.839622641509,111,-0.150445484862887,0.8289473684209999,162,-0.6309399082172331,0.8367346938779999,102,-0.015058514263259002,0.614457831325,34,-0.265858532661792,0.694444444444,10,-0.4024243626472801,0.613333333333,42,-0.8882371309092898
6539413,0.848214285714,137,-0.141411399854766,0.848214285714,252,-0.5879978955917329,0.787878787879,26,-0.015647135332021,0.542168674699,18,-0.294207720681342,0.717948717949,26,-0.37714807495041003,0.641975308642,57,-0.8475464413134198
6539414,0.845454545455,134,-0.14561190758717202,0.845454545455,240,-0.5995978801038699,0.854368932039,167,-0.013093203242038002,0.616279069767,36,-0.264894036958212,0.7105263157889999,16,-0.38556565033590995,0.615384615385,51,-0.87135347163968
6539417,0.881818181818,251,-0.11252258824719802,0.8695652173909999,231,-0.48263983126269605,0.86,186,-0.014508769822696003,0.58024691358,24,-0.26500493357399496,0.8101265822779999,132,-0.2914857235364401,0.613333333333,45,-0.86234878704859
6539418,0.877192982456,231,-0.11510459040714002,0.876288659794,267,-0.4687449571775231,0.8666666666670001,212,-0.013204838092471,0.5714285714289999,22,-0.27096133012330903,0.821428571429,162,-0.27978338292432,0.6202531645570001,54,-0.8470015520764901
6539422,0.8793103448280001,242,-0.11487834889214195,0.878787878788,279,-0.46016257568200686,0.8691588785050001,218,-0.012511546189940999,0.581395348837,26,-0.26469776028005704,0.83908045977,206,-0.26768331195173994,0.6125,39,-0.8485125296407698
6539424,0.904761904762,310,-0.09951892956554997,0.8705882352940001,249,-0.4477299289150999,0.895833333333,298,-0.012182848778190002,0.6625,42,-0.22683331294927406,0.788732394366,82,-0.32114464045122,0.588235294118,30,-0.85904211673484
6539430,0.881818181818,252,-0.11756665678963403,0.881818181818,317,-0.449056953669498,0.8367346938779999,103,-0.014813734111319999,0.662790697674,44,-0.230596702028937,0.7948717948720001,102,-0.32883607472344994,0.666666666667,66,-0.7553658547307299
6539439,0.868421052632,203,-0.11866689084430902,0.868421052632,305,-0.4591126712478991,0.8679245283020001,216,-0.012849416747707003,0.655555555556,40,-0.226574460529526,0.8235294117649999,166,-0.27891814915272006,0.7209302325579999,81,-0.7060267488593601
6539440,0.841584158416,119,-0.143305520317965,0.841584158416,245,-0.5287267054280169,0.875,240,-0.014693974583876999,0.717647058824,50,-0.20285697033689498,0.760563380282,50,-0.35545213974915,0.693333333333,72,-0.7701986050815302
6539451,0.918604651163,337,-0.08577194493181196,0.82,94,-0.493622372563045,0.923076923077,344,-0.012023762354137003,0.910112359551,333,-0.084422693819024,0.792452830189,79,-0.27409148107059,0.84375,70,-0.5169351292743299
6539453,0.83908045977,108,-0.149031725286037,0.735849056604,6,-0.673734213635193,0.85,152,-0.014600942460307001,0.8928571428569999,305,-0.10749629439876802,0.736842105263,39,-0.34583524676645994,0.845070422535,73,-0.59638408492773
6539466,0.894736842105,280,-0.09854906564768098,0.816666666667,108,-0.524812641537628,0.896551724138,301,-0.014553007072205002,0.872093023256,296,-0.10472798637203998,0.8656716417910001,271,-0.25057857805563,0.821917808219,86,-0.59488515899617
6539478,0.908163265306,319,-0.087989266814611,0.822580645161,83,-0.5122689650880901,0.898876404494,306,-0.014338259434102,0.875,300,-0.10022859367081902,0.852941176471,239,-0.24432413872437,0.8421052631579999,64,-0.54361067013088
6539482,0.904255319149,307,-0.09135160578613298,0.810344827586,90,-0.51810364102746,0.894117647059,291,-0.014231784922868997,0.8953488372089999,313,-0.09823926622094104,0.84375,211,-0.25722735643188,0.849315068493,77,-0.5198441306282701
6539487,0.911764705882,326,-0.08483039627811402,0.85,148,-0.452232389992937,0.9148936170209999,332,-0.012782697937226004,0.915094339623,343,-0.08113824387307506,0.845070422535,217,-0.2288806879564,0.864197530864,109,-0.46764788864979023
6539502,0.8723404255320001,218,-0.11075877500373695,0.8196721311480001,124,-0.543863577556574,0.922222222222,342,-0.015019255218227,0.886363636364,322,-0.09420529806227002,0.8676470588240001,275,-0.23795571642871993,0.855263157895,91,-0.5153399317712302
6539521,0.918367346939,336,-0.07229033288019798,0.8387096774189999,204,-0.404925429611145,0.922222222222,343,-0.012215928167905999,0.886363636364,324,-0.086252420791361,0.8840579710140001,308,-0.19419771242008993,0.8987341772149999,250,-0.3673278709110701
6539522,0.864583333333,191,-0.11848127852999904,0.728813559322,0,-0.566152252358485,0.863636363636,199,-0.014167941073297,0.865168539326,270,-0.11707617295256201,0.75,46,-0.30966977702597,0.90243902439,266,-0.41252266581863994
6539567,0.777777777778,17,-0.18490097691508306,0.777777777778,30,-0.6378332513125411,0.83908045977,112,-0.018413278284568,0.879120879121,299,-0.11307086978383402,0.734375,42,-0.36662606813332,0.9036144578309999,269,-0.4732766360234801
6539574,0.833333333333,93,-0.13754278871562903,0.8217821782179999,212,-0.4978951620154432,0.8804347826090001,258,-0.016796871823415993,0.8695652173909999,290,-0.10787974896915603,0.847222222222,230,-0.26911970401559,0.8928571428569999,220,-0.49036280736061033
6539584,0.81,52,-0.15565647475893596,0.7884615384620001,80,-0.5358464172862889,0.865979381443,209,-0.016641811367994003,0.8064516129029999,92,-0.140017950728752,0.846153846154,226,-0.27785598269058,0.888888888889,259,-0.5150754666223002
6539592,0.817204301075,62,-0.15247850919615102,0.8061224489800001,152,-0.5180001718355431,0.865168539326,205,-0.016940605359777997,0.85393258427,228,-0.11708749998766602,0.859154929577,253,-0.25900235680982,0.890243902439,271,-0.4893201942671901
6539597,0.84375,127,-0.12909053068852702,0.7567567567569999,47,-0.653110881140839,0.8666666666670001,213,-0.017899897617629,0.89247311828,332,-0.09296522067631,0.876712328767,288,-0.26597750825116995,0.7733333333329999,35,-0.6649327231079
6539598,0.8484848484849999,139,-0.13138441306329907,0.782051282051,63,-0.6023762146843691,0.846153846154,142,-0.019055563312432,0.8842105263160001,314,-0.10057848703744596,0.851351351351,235,-0.2886074659125299,0.8125,47,-0.62374538523789
6539599,0.851485148515,150,-0.131736737581625,0.839622641509,153,-0.529999395384838,0.86170212766,188,-0.018582733387885,0.863157894737,262,-0.10929328027630901,0.84,201,-0.29254679580969,0.872093023256,134,-0.5458269877113199
6539600,0.84693877551,136,-0.13044502010193704,0.834951456311,118,-0.55588103222602,0.8695652173909999,220,-0.017918246474392,0.858695652174,250,-0.108124487951821,0.8648648648649999,262,-0.2749838247250001,0.853658536585,88,-0.53877165187107
6539603,0.7978723404260001,30,-0.16267839141213894,0.787878787879,74,-0.5427314149849969,0.8695652173909999,221,-0.019684067525834,0.8709677419349999,294,-0.10364290098469002,0.849315068493,232,-0.27338952814249,0.9069767441859999,287,-0.47326730457647015
6539607,0.7954545454549999,27,-0.16520492742934503,0.784946236559,68,-0.5552054625994531,0.858823529412,182,-0.020903448912073002,0.873563218391,298,-0.10111024472374898,0.8676470588240001,266,-0.2705552566025199,0.8987341772149999,253,-0.4820007063310502
6539611,0.8383838383840001,107,-0.13690292893951594,0.8155339805830001,188,-0.5193256601043618,0.8723404255320001,228,-0.016155700647437994,0.8369565217389999,164,-0.131920628245838,0.837837837838,202,-0.27228181422816,0.8705882352940001,238,-0.5243774664138299
6539617,0.8404255319149999,117,-0.1327657369890491,0.714285714286,40,-0.6914988833248581,0.9010989010989999,310,-0.015834384013731002,0.8777777777779999,304,-0.10604336136872701,0.87323943662,284,-0.28109667974434993,0.714285714286,28,-0.79626441434654
6539620,0.851063829787,149,-0.130400773343122,0.710144927536,41,-0.682448886200208,0.887640449438,278,-0.015939951086498004,0.876404494382,302,-0.109440085823276,0.838235294118,197,-0.3012902654426699,0.728571428571,31,-0.8037161179222498
6539751,0.854166666667,157,-0.13197054183901596,0.83,236,-0.45659056546508503,0.865168539326,206,-0.017312501650987997,0.840909090909,174,-0.13050259292551603,0.791044776119,73,-0.28597586333939,0.890243902439,319,-0.45296834125152
6603857,0.87962962963,244,-0.114133040993047,0.867256637168,209,-0.462018854416407,0.8453608247419999,138,-0.015685683665898002,0.8105263157889999,98,-0.15330693468730805,0.805194805195,99,-0.27231781334843,0.813953488372,114,-0.5932757482641
70682205,0.810810810811,53,-0.15522295476016296,0.747747747748,38,-0.5553249592669929,0.828571428571,83,-0.019442744570533,0.837606837607,99,-0.13154717333523394,0.8804347826090001,295,-0.22704112967802995,0.892156862745,268,-0.5257607252790499
70696859,0.8125,54,-0.153553791199518,0.771929824561,56,-0.562166675112298,0.862385321101,192,-0.017634203943512998,0.838983050847,103,-0.13533393602509905,0.881720430108,298,-0.22905876690041993,0.8823529411759999,181,-0.5459806141112501
766948,0.877551020408,234,-0.11591302909778897,0.877551020408,251,-0.37332312162854697,0.8777777777779999,245,-0.032195176030239,0.871287128713,237,-0.08249477866059499,0.92,347,-0.1539112214866699,0.890243902439,211,-0.4328664374754901
9604911,0.844660194175,131,-0.140452940700671,0.8356164383560001,186,-0.5741413810981788,0.8421052631579999,126,-0.015947564217384004,0.84375,188,-0.15063579614444103,0.8,89,-0.30553576944002003,0.837209302326,192,-0.5027108955065899
9604912,0.8666666666670001,197,-0.12407848837186694,0.819444444444,132,-0.5561324108435389,0.854166666667,164,-0.016729983178662,0.867346938776,282,-0.13100087745732,0.732394366197,40,-0.36604508521432993,0.863636363636,260,-0.49491437776004
9604915,0.865384615385,193,-0.12349842575749802,0.849315068493,222,-0.509806263468248,0.8152173913040001,54,-0.015913696748473996,0.865979381443,280,-0.13193043537517296,0.813333333333,125,-0.29964859262812005,0.862068965517,273,-0.4628200483594901
9604922,0.80198019802,40,-0.16959202217557004,0.80198019802,139,-0.6197617881032491,0.833333333333,93,-0.015713786573826,0.835051546392,152,-0.15245361885555603,0.805194805195,101,-0.3015268461299401,0.840909090909,210,-0.5417724315450599
9604926,0.872727272727,223,-0.11470053613466599,0.858695652174,189,-0.4704722526936831,0.872549019608,230,-0.015458791193837999,0.84,172,-0.14375264743534902,0.8414634146340001,207,-0.231940329402,0.833333333333,168,-0.5167233623966101
9604940,0.84,113,-0.14478183303620204,0.828571428571,156,-0.5948067143753301,0.8369565217389999,105,-0.014814848183879004,0.8387096774189999,170,-0.15269256154830302,0.791666666667,77,-0.31265181219185,0.831325301205,159,-0.5386033697040401
9604943,0.785714285714,22,-0.18195157699463896,0.785714285714,79,-0.670212041692668,0.829787234043,85,-0.016966618519164,0.84375,190,-0.15368841839608402,0.8,91,-0.3133634113677701,0.8505747126440001,234,-0.5445012750881
9604948,0.839622641509,112,-0.142132075391802,0.8181818181820001,99,-0.6500654537396939,0.8367346938779999,104,-0.015522972091562998,0.8613861386139999,258,-0.14293516085869304,0.8101265822779999,119,-0.28828417963019004,0.8571428571430001,95,-0.5778061062468998
9604958,0.843137254902,125,-0.14192294179638604,0.833333333333,180,-0.5748964165464551,0.8404255319149999,117,-0.014973687079747004,0.8421052631579999,184,-0.154836658670372,0.7972972972969999,85,-0.3094258758094501,0.8352941176469999,177,-0.5073731638959602
9604970,0.855769230769,161,-0.128157260386831,0.8356164383560001,192,-0.49478591185622295,0.8421052631579999,127,-0.016643602155350004,0.861111111111,187,-0.133718136924779,0.8157894736839999,140,-0.2867890090659301,0.863636363636,279,-0.4209945884747999
9800117,0.865384615385,194,-0.11292764224246502,0.8317757009350001,248,-0.413461107824982,0.876288659794,241,-0.013980645866420002,0.829787234043,140,-0.13072541638386298,0.8289473684209999,182,-0.25893729260906007,0.8488372093019999,225,-0.5101711680025901
9822610,0.802083333333,42,-0.18259669546073504,informer,informer,informer,0.8723404255320001,229,-0.013253562813863995,informer,informer,informer,0.676923076923,33,-0.41310451285826,informer,informer,informer
9827373,0.8571428571430001,170,-0.13077402874376096,0.805555555556,54,-0.598278318660187,0.81914893617,61,-0.015915240637478,0.891089108911,323,-0.10556912016690798,0.786666666667,69,-0.3258818666434499,0.83908045977,59,-0.5618410036531398
9857146,0.879120879121,241,-0.105230719280656,0.8783783783779999,273,-0.3871125624704961,0.865853658537,208,-0.017244326448043003,0.867469879518,279,-0.11383961751684199,0.8032786885250001,124,-0.2796601924810999,0.8630136986299999,276,-0.43251705782409017
9858084,0.8666666666670001,198,-0.12006196410697795,0.8630136986299999,197,-0.4634956286179941,0.879518072289,248,-0.016625941971966998,0.853658536585,224,-0.121477943562921,0.261904761905,0,-0.65327302274169,0.847222222222,158,-0.5355089858135401
9858662,0.928571428571,347,-0.06948383606566805,0.634920634921,11,-0.6793629232020351,0.9213483146070001,340,-0.012646082038059,0.8977272727269999,336,-0.08610037928626199,0.8823529411759999,300,-0.22414939190157004,0.634920634921,7,-0.85435894164771
9873849,0.833333333333,94,-0.14399155122681606,0.824427480916,131,-0.5295678248145509,0.8595041322310001,183,-0.021517139003095993,0.860655737705,207,-0.12293303944026299,0.82,153,-0.27329392050169,0.8571428571430001,97,-0.5976911433141097
9885504,0.878787878788,239,-0.103074634265849,0.843137254902,302,-0.38243454280414396,0.879120879121,247,-0.015347273266248997,0.8681318681319999,284,-0.10259070633936801,0.845070422535,224,-0.24553041248145,0.8915662650599999,322,-0.42856945421678994
9890357,0.8,36,-0.15984119137956596,0.8,133,-0.535074567041489,0.841584158416,123,-0.017938086132797997,0.865384615385,274,-0.11778392241971203,0.802469135802,120,-0.31321861274373003,0.86170212766,270,-0.52012308421055
9901444,0.92,340,-0.07801779751537097,0.587301587302,10,-0.7614880653080079,0.912087912088,330,-0.013921083894226,0.9010989010989999,338,-0.09082012729449204,0.8714285714290001,281,-0.24339321008799997,0.587301587302,4,-1.0157147680039
9917474,0.862903225806,186,-0.125683866835673,0.838095238095,136,-0.48722608459273203,0.862068965517,189,-0.020443297841468,0.858267716535,171,-0.11786863179871399,0.782608695652,63,-0.29075475672422,0.859813084112,98,-0.5317443790798999
9922527,0.904255319149,308,-0.09034053050962298,0.816901408451,93,-0.398615721847978,0.867469879518,215,-0.014120872654706997,0.869047619048,285,-0.114917226428457,0.724137931034,28,-0.33066939681864993,0.849315068493,112,-0.5236372081218601
9926067,0.929292929293,349,-0.070683331715328,0.701492537313,35,-0.652954967697909,0.910112359551,326,-0.013106675949492996,0.860465116279,254,-0.10551263323099998,0.8676470588240001,268,-0.2344445703884499,0.701492537313,25,-0.8172417125941401
9927432,0.876288659794,228,-0.11484030583527104,0.767123287671,57,-0.54387777509264,0.863636363636,200,-0.015307476039434002,0.8777777777779999,306,-0.10545670130016699,0.8571428571430001,250,-0.3227475962473999,0.831168831169,58,-0.5860539488351401
9944269,0.90099009901,300,-0.08842858631616798,0.6857142857140001,23,-0.6316282213468808,0.903225806452,315,-0.013557102261642003,0.8804347826090001,310,-0.09936579232245196,0.891891891892,316,-0.21261467003957996,0.6857142857140001,16,-0.8154951949412399
9947709,0.87,213,-0.109006994255742,0.87,268,-0.420193650465839,0.844444444444,133,-0.015076785704853997,0.820224719101,114,-0.13912991811760397,0.8,116,-0.26781703943852997,0.853658536585,224,-0.51229508633845
9951300,0.872549019608,221,-0.11300963286904399,0.8705882352940001,255,-0.4365266160615238,0.8842105263160001,275,-0.015061311323345997,0.844660194175,123,-0.128345155597016,0.69696969697,12,-0.3565277765616,0.8433734939759999,219,-0.49655241266857003
44532523,informer,informer,informer,0.843137254902,149,-0.4705818247539191,informer,informer,informer,0.862903225806,195,-0.12158026029456702,informer,informer,informer,0.865384615385,113,-0.5062836148996799
6539593,informer,informer,informer,0.835051546392,237,-0.49588300541871005,informer,informer,informer,0.873563218391,293,-0.10743227720995897,informer,informer,informer,0.8987341772149999,251,-0.46492292674474023
448008,informer,informer,informer,0.828125,117,-0.531135542178881,informer,informer,informer,0.865168539326,266,-0.10689147147928897,informer,informer,informer,0.860759493671,104,-0.53018738838104
9826308,informer,informer,informer,0.8,122,-0.5549152523569508,informer,informer,informer,0.8165137614679999,57,-0.14735253889884004,informer,informer,informer,0.9072164948450001,290,-0.4705515662923497
6539047,informer,informer,informer,0.465517241379,15,-0.8273199016946939,informer,informer,informer,0.9130434782610001,348,-0.08462619956302697,informer,informer,informer,0.6515151515150001,8,-0.8424718309348298
9910722,informer,informer,informer,0.8504672897200001,295,-0.448905333422181,informer,informer,informer,0.851063829787,216,-0.114783995263937,informer,informer,informer,0.858823529412,264,-0.4656457062436399
5329854,informer,informer,informer,0.8068181818179999,157,-0.558958380736911,informer,informer,informer,0.845238095238,202,-0.13526075763170803,informer,informer,informer,0.853333333333,240,-0.52090299784564
9901964,informer,informer,informer,0.796610169492,36,-0.549139372426583,informer,informer,informer,0.845238095238,204,-0.138898725783852,informer,informer,informer,0.837837837838,185,-0.5429393176830599
57399798,informer,informer,informer,0.814814814815,102,-0.5362971852394871,informer,informer,informer,0.8490566037739999,161,-0.14063770063126502,informer,informer,informer,0.8556701030930001,255,-0.5104020743957001
44532204,informer,informer,informer,0.83950617284,147,-0.44884615276530615,informer,informer,informer,0.858695652174,248,-0.11750211179010397,informer,informer,informer,0.853658536585,223,-0.50085999477172
44418539,informer,informer,informer,0.893617021277,280,-0.40257179199178983,informer,informer,informer,0.863157894737,197,-0.113636171954333,informer,informer,informer,0.8666666666670001,235,-0.4606597064921197
25218614,informer,informer,informer,informer,informer,informer,informer,informer,informer,informer,informer,informer,informer,informer,informer,informer,informer,informer
6539361,informer,informer,informer,0.8235294117649999,144,-0.6918123114884782,informer,informer,informer,0.44117647058799997,2,-0.37524050767995504,informer,informer,informer,0.303571428571,0,-1.2701539954465602
766949,informer,informer,informer,0.868686868687,262,-0.4198975887332051,informer,informer,informer,0.873786407767,245,-0.08389673544555501,informer,informer,informer,0.865853658537,221,-0.4656042209428801
16048303,informer,informer,informer,0.788235294118,85,-0.562756872957086,informer,informer,informer,0.885416666667,283,-0.09305424649518494,informer,informer,informer,0.88,169,-0.50888313308818
44397010,informer,informer,informer,0.9029126213590001,347,-0.31927615412203997,informer,informer,informer,0.658536585366,29,-0.18228952514337005,informer,informer,informer,0.87012987013,303,-0.41197285025615993
